-1.57,0.0,0.0,-0.058867209267500005,0.0,0.0
-1.57,0.0,0.0,-0.061705673105000004,0.0,0.0
-1.57,0.0,0.0,-0.0620113375825,0.0,0.0
-1.57,0.0,0.0,-0.06240432094625,0.0,0.0
-1.57,0.0,0.0,-0.0627970786225,0.0,0.0
-1.57,0.0,0.0,-0.06319812256250001,0.0,0.0
-1.57,0.0,0.0,-0.06358102495625,0.0,0.0
-1.57,0.0,0.0,-0.06397556791875,0.0,0.0
-1.57,0.0,0.0,-0.0643674601325,0.0,0.0
-1.57,0.0,0.0,-0.06608208951375,0.0,0.0
-1.57,0.0,0.0,-0.0660945347075,0.0,0.0
-1.57,0.0,0.0,-0.06633085621,0.0,0.0
-1.57,0.0,0.0,-0.066720585945,0.0,0.0
-1.57,0.0,0.0,-0.06711556419,0.0,0.0
-1.57,0.0,0.0,-0.06751395365250001,0.0,0.0
-1.57,0.0,0.0,-0.06790644913875,0.0,0.0
-1.57,0.0,0.0,-0.06828897924625,0.0,0.0
-1.57,0.0,0.0,-0.069505499045,0.0,0.0
-1.57,0.0,0.0,-0.06985852669375,0.0,0.0
-1.57,0.0,0.0,-0.07025727764875,0.0,0.0
-1.57,0.0,0.0,-0.07064470419375,0.0,0.0
-1.57,0.0,0.0,-0.07104018130625,0.0,0.0
-1.57,0.0,0.0,-0.07142931247875,0.0,0.0
-1.57,0.0,0.0,-0.07182184270125,0.0,0.0
-1.57,0.0,0.0,-0.07221387523375,0.0,0.0
-1.57,0.0,0.0,-0.0726463558725,0.0,0.0
-1.57,0.0,0.0,-0.07300413630375001,0.0,0.0
-1.57,0.0,0.0,-0.0733942316525,0.0,0.0
-1.57,0.0,0.0,-0.07379886579,0.0,0.0
-1.57,0.0,0.0,-0.07418443424,0.0,0.0
-1.57,0.0,0.0,-0.075828487215,0.0,0.0
-1.57,0.0,0.0,-0.07594588887125,0.0,0.0
-1.57,0.0,0.0,-0.0762814608675,0.0,0.0
-1.57,0.0,0.0,-0.07653865257625,0.0,0.0
-1.57,0.0,0.0,-0.0770475227425,0.0,0.0
-1.57,0.0,0.0,-0.07732958089625,0.0,0.0
-1.57,0.0,0.0,-0.07771301316500001,0.0,0.0
-1.57,0.0,0.0,-0.0781060293025,0.0,0.0
-1.57,0.0,0.0,-0.078510201075,0.0,0.0
-1.57,0.0,0.0,-0.07890652657625001,0.0,0.0
-1.57,0.0,0.0,-0.07928650818125,0.0,0.0
-1.57,0.0,0.0,-0.07968215485375,0.0,0.0
-1.57,0.0,0.0,-0.08010137625375001,0.0,0.0
-1.57,0.0,0.0,-0.08046828054375,0.0,0.0
-1.57,0.0,0.0,-0.08085591825375,0.0,0.0
-1.57,0.0,0.0,-0.0812546172025,0.0,0.0
-1.57,0.0,0.0,-0.081635603215,0.0,0.0
-1.57,0.0,0.0,-0.08202845116625,0.0,0.0
-1.57,0.0,0.0,-0.08241994087125,0.0,0.0
-1.57,0.0,0.0,-0.082815429955,0.0,0.0
-1.57,0.0,0.0,-0.09028111102875,0.0,0.0
-1.57,0.0,0.0,-0.09066471697875,0.0,0.0
-1.57,0.0,0.0,-0.09105452541,0.0,0.0
-1.57,0.0,0.0,-0.09144626768875,0.0,0.0
-1.57,0.0,0.0,-0.09183569794625,0.0,0.0
-1.57,0.0,0.0,-0.09223203384875,0.0,0.0
-1.57,0.0,0.0,-0.09261433316625,0.0,0.0
-1.57,0.0,0.0,-0.09302019268875,0.0,0.0
-1.57,0.0,0.0,-0.0938352744775,0.0,0.0
-1.57,0.0,0.0,-0.09419379222,0.0,0.0
-1.57,0.0,0.0,-0.09458348977,0.0,0.0
-1.57,0.0,0.0,-0.09497835477875001,0.0,0.0
-1.57,0.0,0.0,-0.0953737386725,0.0,0.0
-1.57,0.0,0.0,-0.09576328609125,0.0,0.0
-1.57,0.0,0.0,-0.09615574684125,0.0,0.0
-1.57,0.0,0.0,-0.09654977543250001,0.0,0.0
-1.57,0.0,0.0,-0.09788182839125,0.0,0.0
-1.57,0.0,0.0,-0.098119034785,0.0,0.0
-1.57,0.0,0.0,-0.09890318894750001,0.0,0.0
-1.57,0.0,0.0,-0.0992957698025,0.0,0.0
-1.57,0.0,0.0,-0.0997323679625,0.0,0.0
-1.57,0.0,0.0,-0.10008167059,0.0,0.0
-1.57,0.0,0.0,-0.10047680249874999,0.0,0.0
-1.57,0.0,0.0,-0.10087048902625001,0.0,0.0
-1.57,0.0,0.0,-0.10126139390625001,0.0,0.0
-1.57,0.0,0.0,-0.101655569685,0.0,0.0
-1.57,0.0,0.0,-0.10219890311750002,0.0,0.0
-1.57,0.0,0.0,-0.10243467826000001,0.0,0.0
-1.57,0.0,0.0,-0.10287522634375,0.0,0.0
-1.57,0.0,0.0,-0.10361675480999999,0.0,0.0
-1.57,0.0,0.0,-0.10402698639,0.0,0.0
-1.57,0.0,0.0,-0.10441376629125002,0.0,0.0
-1.57,0.0,0.0,-0.10480539690375,0.0,0.0
-1.57,0.0,0.0,-0.10518472774375,0.0,0.0
-1.57,0.0,0.0,-0.105584386355,0.0,0.0
-1.57,0.0,0.0,-0.10597015753125001,0.0,0.0
-1.57,0.0,0.0,-0.10638552340375,0.0,0.0
-1.57,0.0,0.0,-0.10675394450999999,0.0,0.0
-1.57,0.0,0.0,-0.1072057544,0.0,0.0
-1.57,0.0,0.0,-0.10754279748625001,0.0,0.0
-1.57,0.0,0.0,-0.10794077835625,0.0,0.0
-1.57,0.0,0.0,-0.10832588346000001,0.0,0.0
-1.57,0.0,0.0,-0.10872310229125,0.0,0.0
-1.57,0.0,0.0,-0.1096364546975,0.0,0.0
-1.57,0.0,0.0,-0.1100677258475,0.0,0.0
-1.57,0.0,0.0,-0.110526678845,0.0,0.0
-1.57,0.0,0.0,-0.11096495337250001,0.0,0.0
-1.57,0.0,0.0,-0.11111246193750002,0.0,0.0
-1.57,0.0,0.0,-0.11159924652125,0.0,0.0
-1.57,0.0,0.0,-0.11193915937125001,0.0,0.0
-1.57,0.0,0.0,-0.11232741625,0.0,0.0
-1.57,0.0,0.0,-0.11324741466250002,0.0,0.0
-1.57,0.0,0.0,-0.1134317373725,0.0,0.0
-1.57,0.0,0.0,-0.11381898219,0.0,0.0
-1.57,0.0,0.0,-0.114221132195,0.0,0.0
-1.57,0.0,0.0,-0.11461611789750001,0.0,0.0
-1.57,0.0,0.0,-0.11500862457,0.0,0.0
-1.57,0.0,0.0,-0.11665867121625,0.0,0.0
-1.57,0.0,0.0,-0.1166819003475,0.0,0.0
-1.57,0.0,0.0,-0.1170502945675,0.0,0.0
-1.57,0.0,0.0,-0.11818192741000001,0.0,0.0
-1.57,0.0,0.0,-0.11853120746875,0.0,0.0
-1.57,0.0,0.0,-0.11893284585,0.0,0.0
-1.57,0.0,0.0,-0.11931723307125001,0.0,0.0
-1.57,0.0,0.0,-0.11971193990250001,0.0,0.0
-1.57,0.0,0.0,-0.12009947615125001,0.0,0.0
-1.57,0.0,0.0,-0.12050617876375,0.0,0.0
-1.57,0.0,0.0,-0.12158684626625,0.0,0.0
-1.57,0.0,0.0,-0.12186471664125,0.0,0.0
-1.57,0.0,0.0,-0.12210174817625001,0.0,0.0
-1.57,0.0,0.0,-0.12267863113500001,0.0,0.0
-1.57,0.0,0.0,-0.12291562636375002,0.0,0.0
-1.57,0.0,0.0,-0.12323608691375,0.0,0.0
-1.57,0.0,0.0,-0.12402841331875,0.0,0.0
-1.57,0.0,0.0,-0.12452820358625001,0.0,0.0
-1.57,0.0,0.0,-0.12480972067875,0.0,0.0
-1.57,0.0,0.0,-0.12521633576375,0.0,0.0
-1.57,0.0,0.0,-0.12559639057000002,0.0,0.0
-1.57,0.0,0.0,-0.12598614483625,0.0,0.0
-1.57,0.0,0.0,-0.12638216438375,0.0,0.0
-1.57,0.0,0.0,-0.126771234915,0.0,0.0
-1.57,0.0,0.0,-0.12716535574374999,0.0,0.0
-1.57,0.0,0.0,-0.12755620449625002,0.0,0.0
-1.57,0.0,0.0,-0.1279528801075,0.0,0.0
-1.57,0.0,0.0,-0.12834658527875,0.0,0.0
-1.57,0.0,0.0,-0.12873542168375002,0.0,0.0
-1.57,0.0,0.0,-0.12911700586625002,0.0,0.0
-1.57,0.0,0.0,-0.1295197024275,0.0,0.0
-1.57,0.0,0.0,-0.1299586241875,0.0,0.0
-1.57,0.0,0.0,-0.1303347545825,0.0,0.0
-1.57,0.0,0.0,-0.131486158435,0.0,0.0
-1.57,0.0,0.0,-0.13267337850125,0.0,0.0
-1.57,0.0,0.0,-0.13307109404125,0.0,0.0
-1.57,0.0,0.0,-0.133440676555,0.0,0.0
-1.57,0.0,0.0,-0.13385460175625,0.0,0.0
-1.57,0.0,0.0,-0.13423835921125002,0.0,0.0
-1.57,0.0,0.0,-0.134892212205,0.0,0.0
-1.57,0.0,0.0,-0.13522072607000002,0.0,0.0
-1.57,0.0,0.0,-0.13542119701500002,0.0,0.0
-1.57,0.0,0.0,-0.13580692776375,0.0,0.0
-1.57,0.0,0.0,-0.1365875676775,0.0,0.0
-1.57,0.0,0.0,-0.13699096916875,0.0,0.0
-1.57,0.0,0.0,-0.13737237947375,0.0,0.0
-1.57,0.0,0.0,-0.13777275361250002,0.0,0.0
-1.57,0.0,0.0,-0.13815678365875,0.0,0.0
-1.57,0.0,0.0,-0.13893623920375,0.0,0.0
-1.57,0.0,0.0,-0.14013412015875001,0.0,0.0
-1.57,0.0,0.0,-0.1405292473575,0.0,0.0
-1.57,0.0,0.0,-0.14098925304,0.0,0.0
-1.57,0.0,0.0,-0.1418854620275,0.0,0.0
-1.57,0.0,0.0,-0.1425289076875,0.0,0.0
-1.57,0.0,0.0,-0.1430068219675,0.0,0.0
-1.57,0.0,0.0,-0.1432769302625,0.0,0.0
-1.57,0.0,0.0,-0.14365021326625002,0.0,0.0
-1.57,0.0,0.0,-0.14403318277750002,0.0,0.0
-1.57,0.0,0.0,-0.14568600989375,0.0,0.0
-1.57,0.0,0.0,-0.1464060674325,0.0,0.0
-1.57,0.0,0.0,-0.1469428724125,0.0,0.0
-1.57,0.0,0.0,-0.1471819896925,0.0,0.0
-1.57,0.0,0.0,-0.14757897930375,0.0,0.0
-1.57,0.0,0.0,-0.14797361685875002,0.0,0.0
-1.57,0.0,0.0,-0.148359113285,0.0,0.0
-1.57,0.0,0.0,-0.1487726210625,0.0,0.0
-1.57,0.0,0.0,-0.14914331317375001,0.0,0.0
-1.57,0.0,0.0,-0.1495368075725,0.0,0.0
-1.57,0.0,0.0,-0.14992966808375002,0.0,0.0
-1.57,0.0,0.0,-0.1503264657625,0.0,0.0
-1.57,0.0,0.0,-0.1507143169925,0.0,0.0
-1.57,0.0,0.0,-0.15118004454,0.0,0.0
-1.57,0.0,0.0,-0.15150161880875002,0.0,0.0
-1.57,0.0,0.0,-0.15189647694875,0.0,0.0
-1.57,0.0,0.0,-0.152283935875,0.0,0.0
-1.57,0.0,0.0,-0.15348291936250003,0.0,0.0
-1.57,0.0,0.0,-0.1538623263475,0.0,0.0
-1.57,0.0,0.0,-0.15426426381375002,0.0,0.0
-1.57,0.0,0.0,-0.154663823515,0.0,0.0
-1.57,0.0,0.0,-0.15504448080875,0.0,0.0
-1.57,0.0,0.0,-0.15543637321875,0.0,0.0
-1.57,0.0,0.0,-0.15583185033125002,0.0,0.0
-1.57,0.0,0.0,-0.15622768893625,0.0,0.0
-1.57,0.0,0.0,-0.1565993819225,0.0,0.0
-1.57,0.0,0.0,-0.15700153212375,0.0,0.0
-1.57,0.0,0.0,-0.15739892581375,0.0,0.0
-1.57,0.0,0.0,-0.1577827560775,0.0,0.0
-1.57,0.0,0.0,-0.15935062617625,0.0,0.0
-1.57,0.0,0.0,-0.15939501890750002,0.0,0.0
-1.57,0.0,0.0,-0.16131877071875,0.0,0.0
-1.57,0.0,0.0,-0.1617032572425,0.0,0.0
-1.57,0.0,0.0,-0.16209648395625,0.0,0.0
-1.57,0.0,0.0,-0.16248902458,0.0,0.0
-1.57,0.0,0.0,-0.16327984437375,0.0,0.0
-1.57,0.0,0.0,-0.16366286039625003,0.0,0.0
-1.57,0.0,0.0,-0.16405085292625002,0.0,0.0
-1.57,0.0,0.0,-0.16484648908750002,0.0,0.0
-1.57,0.0,0.0,-0.1660381708975,0.0,0.0
-1.57,0.0,0.0,-0.16642527186375,0.0,0.0
-1.57,0.0,0.0,-0.16767714021250002,0.0,0.0
-1.57,0.0,0.0,-0.1682923831775,0.0,0.0
-1.57,0.0,0.0,-0.16863984596125,0.0,0.0
-1.57,0.0,0.0,-0.16899883784375,0.0,0.0
-1.57,0.0,0.0,-0.1692187028025,0.0,0.0
-1.57,0.0,0.0,-0.16981602147,0.0,0.0
-1.57,0.0,0.0,-0.17050305347,0.0,0.0
-1.57,0.0,0.0,-0.1707452122325,0.0,0.0
-1.57,0.0,0.0,-0.1711328475875,0.0,0.0
-1.57,0.0,0.0,-0.17159984016250002,0.0,0.0
-1.57,0.0,0.0,-0.17191220755875,0.0,0.0
-1.57,0.0,0.0,-0.173252331495,0.0,0.0
-1.57,0.0,0.0,-0.17562316317875,0.0,0.0
-1.57,0.0,0.0,-0.1758518790125,0.0,0.0
-1.57,0.0,0.0,-0.17624487395500002,0.0,0.0
-1.57,0.0,0.0,-0.1793809466,0.0,0.0
-1.57,0.0,0.0,-0.17976961246375,0.0,0.0
-1.57,0.0,0.0,-0.18072229925750002,0.0,0.0
-1.57,0.0,0.0,-0.18148450030625,0.0,0.0
-1.57,0.0,0.0,-0.18173406417000001,0.0,0.0
-1.57,0.0,0.0,-0.18212123186125,0.0,0.0
-1.57,0.0,0.0,-0.18252105179,0.0,0.0
-1.57,0.0,0.0,-0.18760895373375,0.0,0.0
-1.57,0.0,0.0,-0.18804836808125,0.0,0.0
-1.57,0.0,0.0,-0.18846257529375002,0.0,0.0
-1.57,0.0,0.0,-0.19035903069250001,0.0,0.0
-1.57,0.0,0.0,-0.19075338800250002,0.0,0.0
-1.57,0.0,0.0,-0.19114449168375,0.0,0.0
-1.57,0.0,0.0,-0.1919229398775,0.0,0.0
-1.57,0.0,0.0,-0.19231901202,0.0,0.0
-1.57,0.0,0.0,-0.1932130512675,0.0,0.0
-1.57,0.0,0.0,-0.19388895137875,0.0,0.0
-1.57,0.0,0.0,-0.19664646071750003,0.0,0.0
-1.57,0.0,0.0,-0.19704020317624998,0.0,0.0
-1.57,0.0,0.0,-0.1998511133175,0.0,0.0
-1.57,0.0,0.0,-0.2001692808825,0.0,0.0
-1.57,0.0,0.0,-0.20056165979625,0.0,0.0
-1.57,0.0,0.0,-0.20096953559125,0.0,0.0
-1.57,0.0,0.0,-0.20137299556500002,0.0,0.0
-1.57,0.0,0.0,-0.20173010246625003,0.0,0.0
-1.57,0.0,0.0,-0.20213156226,0.0,0.0
-1.57,0.0,0.0,-0.20330141891125,0.0,0.0
-1.57,0.0,0.0,-0.20370073192625002,0.0,0.0
-1.57,0.0,0.0,-0.20417044374125,0.0,0.0
-1.57,0.0,0.0,-0.20487879320125002,0.0,0.0
-1.57,0.0,0.0,-0.20527593137375,0.0,0.0
-1.57,0.0,0.0,-0.20652274785500002,0.0,0.0
-1.57,0.0,0.0,-0.20684831738125,0.0,0.0
-1.57,0.0,0.0,-0.20723478426375,0.0,0.0
-1.57,0.0,0.0,-0.20763025333000001,0.0,0.0
-1.57,0.0,0.0,-0.2080217787525,0.0,0.0
-1.57,0.0,0.0,-0.20880436585875004,0.0,0.0
-1.57,0.0,0.0,-0.20921712965250003,0.0,0.0
-1.57,0.0,0.0,-0.2121876803375,0.0,0.0
-1.57,0.0,0.0,-0.2123433992175,0.0,0.0
-1.57,0.0,0.0,-0.21351782162500002,0.0,0.0
-1.57,0.0,0.0,-0.21390388658749998,0.0,0.0
-1.57,0.0,0.0,-0.21430327751375,0.0,0.0
-1.57,0.0,0.0,-0.2147094818475,0.0,0.0
-1.57,0.0,0.0,-0.21509129995999998,0.0,0.0
-1.57,0.0,0.0,-0.21547582534125,0.0,0.0
-1.57,0.0,0.0,-0.21590026071125,0.0,0.0
-1.57,0.0,0.0,-0.21626744603125,0.0,0.0
-1.57,0.0,0.0,-0.21680843506125003,0.0,0.0
-1.57,0.0,0.0,-0.21840691446875,0.0,0.0
-1.57,0.0,0.0,-0.21901104026375,0.0,0.0
-1.57,0.0,0.0,-0.21940798336375003,0.0,0.0
-1.57,0.0,0.0,-0.21979554257375,0.0,0.0
-1.57,0.0,0.0,-0.22019816514875,0.0,0.0
-1.57,0.0,0.0,-0.2205786081375,0.0,0.0
-1.57,0.0,0.0,-0.22097506512625,0.0,0.0
-1.57,0.0,0.0,-0.22492227984125,0.0,0.0
-1.57,0.0,0.0,-0.225009053545,0.0,0.0
-1.57,0.0,0.0,-0.2252883223975,0.0,0.0
-1.57,0.0,0.0,-0.225681823665,0.0,0.0
-1.57,0.0,0.0,-0.22702326365375,0.0,0.0
-1.57,0.0,0.0,-0.2272419055825,0.0,0.0
-1.57,0.0,0.0,-0.23117141619250003,0.0,0.0
-1.57,0.0,0.0,-0.23158158929000003,0.0,0.0
-1.57,0.0,0.0,-0.23196007331125001,0.0,0.0
-1.57,0.0,0.0,-0.23235573705750004,0.0,0.0
-1.57,0.0,0.0,-0.23317489417375,0.0,0.0
-1.57,0.0,0.0,-0.23353865846375002,0.0,0.0
-1.57,0.0,0.0,-0.23392549625875003,0.0,0.0
-1.57,0.0,0.0,-0.23431682111375002,0.0,0.0
-1.57,0.0,0.0,-0.2347076025525,0.0,0.0
-1.57,0.0,0.0,-0.23510581185750004,0.0,0.0
-1.57,0.0,0.0,-0.23550658006625,0.0,0.0
-1.57,0.0,0.0,-0.23589928181125,0.0,0.0
-1.57,0.0,0.0,-0.237857658795,0.0,0.0
-1.57,0.0,0.0,-0.23823399976625,0.0,0.0
-1.57,0.0,0.0,-0.23863765657875002,0.0,0.0
-1.57,0.0,0.0,-0.23903368711625,0.0,0.0
-1.57,0.0,0.0,-0.23941912996625,0.0,0.0
-1.57,0.0,0.0,-0.24020432759000002,0.0,0.0
-1.57,0.0,0.0,-0.24058940580750002,0.0,0.0
-1.57,0.0,0.0,-0.2409882038625,0.0,0.0
-1.57,0.0,0.0,-0.24140010572625,0.0,0.0
-1.57,0.0,0.0,-0.24302958694250001,0.0,0.0
-1.57,0.0,0.0,-0.24423695835125003,0.0,0.0
-1.57,0.0,0.0,-0.24649544691875003,0.0,0.0
-1.57,0.0,0.0,-0.24846973487125,0.0,0.0
-1.57,0.0,0.0,-0.25001543990625,0.0,0.0
-1.57,0.0,0.0,-0.25042663409250004,0.0,0.0
-1.57,0.0,0.0,-0.25080992309875,0.0,0.0
-1.57,0.0,0.0,-0.2512152568675,0.0,0.0
-1.57,0.0,0.0,-0.25160677816875,0.0,0.0
-1.57,0.0,0.0,-0.25198734715,0.0,0.0
-1.57,0.0,0.0,-0.252404410585,0.0,0.0
-1.57,0.0,0.0,-0.252769138855,0.0,0.0
-1.57,0.0,0.0,-0.2531693047725,0.0,0.0
-1.57,0.0,0.0,-0.25354872942,0.0,0.0
-1.57,0.0,0.0,-0.25786882992875,0.0,0.0
-1.57,0.0,0.0,-0.25944192675375,0.0,0.0
-1.57,0.0,0.0,-0.25982992733,0.0,0.0
-1.57,0.0,0.0,-0.26022114640625005,0.0,0.0
-1.57,0.0,0.0,-0.26140060988749997,0.0,0.0
-1.57,0.0,0.0,-0.26179201343875,0.0,0.0
-1.57,0.0,0.0,-0.26218509159125,0.0,0.0
-1.57,0.0,0.0,-0.26268424071,0.0,0.0
-1.57,0.0,0.0,-0.26302551161000004,0.0,0.0
-1.57,0.0,0.0,-0.26337015742125003,0.0,0.0
-1.57,0.0,0.0,-0.26533458126000004,0.0,0.0
-1.57,0.0,0.0,-0.26742774352875,0.0,0.0
-1.57,0.0,0.0,-0.26744082967500005,0.0,0.0
-1.57,0.0,0.0,-0.26849972579125003,0.0,0.0
-1.57,0.0,0.0,-0.2688934301775,0.0,0.0
-1.57,0.0,0.0,-0.2692595949975,0.0,0.0
-1.57,0.0,0.0,-0.26973896506,0.0,0.0
-1.57,0.0,0.0,-0.27042644745375,0.0,0.0
-1.57,0.0,0.0,-0.2708662639175,0.0,0.0
-1.57,0.0,0.0,-0.27129944870125,0.0,0.0
-1.57,0.0,0.0,-0.27209637226250005,0.0,0.0
-1.57,0.0,0.0,-0.27748262130625,0.0,0.0
-1.57,0.0,0.0,-0.27788343798875004,0.0,0.0
-1.57,0.0,0.0,-0.27827420902625,0.0,0.0
-1.57,0.0,0.0,-0.27866937096125,0.0,0.0
-1.57,0.0,0.0,-0.27945465630875005,0.0,0.0
-1.57,0.0,0.0,-0.2798459217,0.0,0.0
-1.57,0.0,0.0,-0.284563656305,0.0,0.0
-1.57,0.0,0.0,-0.2849951343025,0.0,0.0
-1.57,0.0,0.0,-0.285734527765,0.0,0.0
-1.57,0.0,0.0,-0.28772192502125,0.0,0.0
-1.57,0.0,0.0,-0.28808926537875,0.0,0.0
-1.57,0.0,0.0,-0.29123248309375,0.0,0.0
-1.57,0.0,0.0,-0.2916240573825,0.0,0.0
-1.57,0.0,0.0,-0.2934228264,0.0,0.0
-1.57,0.0,0.0,-0.29359812455375,0.0,0.0
-1.57,0.0,0.0,-0.2982935280675,0.0,0.0
-1.57,0.0,0.0,-0.30021054104625,0.0,0.0
-1.57,0.0,0.0,-0.30119379358125004,0.0,0.0
-1.57,0.0,0.0,-0.30143829537250005,0.0,0.0
-1.57,0.0,0.0,-0.30183569161375,0.0,0.0
-1.57,0.0,0.0,-0.30266503783375,0.0,0.0
-1.57,0.0,0.0,-0.30456752183625,0.0,0.0
-1.57,0.0,0.0,-0.30496537710625,0.0,0.0
-1.57,0.0,0.0,-0.30574562039875003,0.0,0.0
-1.57,0.0,0.0,-0.3092989203475,0.0,0.0
-1.57,0.0,0.0,-0.31007593375750003,0.0,0.0
-1.57,0.0,0.0,-0.3105145831225,0.0,0.0
-1.57,0.0,0.0,-0.31091107151125,0.0,0.0
-1.57,0.0,0.0,-0.312025867085,0.0,0.0
-1.57,0.0,0.0,-0.3128208534625,0.0,0.0
-1.57,0.0,0.0,-0.3132093224875,0.0,0.0
-1.57,0.0,0.0,-0.31399777001125,0.0,0.0
-1.57,0.0,0.0,-0.3198809260175,0.0,0.0
-1.57,0.0,0.0,-0.3202799328825,0.0,0.0
-1.57,0.0,0.0,-0.3206700237175,0.0,0.0
-1.57,0.0,0.0,-0.32106063226000003,0.0,0.0
-1.57,0.0,0.0,-0.32145583207125,0.0,0.0
-1.57,0.0,0.0,-0.32223527701875,0.0,0.0
-1.57,0.0,0.0,-0.32262928461125,0.0,0.0
-1.57,0.0,0.0,-0.32301973046250004,0.0,0.0
-1.57,0.0,0.0,-0.32341410249125,0.0,0.0
-1.57,0.0,0.0,-0.323806817385,0.0,0.0
-1.57,0.0,0.0,-0.3242010895225,0.0,0.0
-1.57,0.0,0.0,-0.3257707527575,0.0,0.0
-1.57,0.0,0.0,-0.33088545891875,0.0,0.0
-1.57,0.0,0.0,-0.33244784324125,0.0,0.0
-1.57,0.0,0.0,-0.3344016542725,0.0,0.0
-1.57,0.0,0.0,-0.33519094527875,0.0,0.0
-1.57,0.0,0.0,-0.33558094623125,0.0,0.0
-1.57,0.0,0.0,-0.33876959955,0.0,0.0
-1.57,0.0,0.0,-0.3391149457775,0.0,0.0
-1.57,0.0,0.0,-0.33950585556375,0.0,0.0
-1.57,0.0,0.0,-0.33990395359500003,0.0,0.0
-1.57,0.0,0.0,-0.34079968432125,0.0,0.0
-1.57,0.0,0.0,-0.34107593170875006,0.0,0.0
-1.57,0.0,0.0,-0.3414704104975,0.0,0.0
-1.57,0.0,0.0,-0.341861806395,0.0,0.0
-1.57,0.0,0.0,-0.3422529966225,0.0,0.0
-1.57,0.0,0.0,-0.3426590512175,0.0,0.0
-1.57,0.0,0.0,-0.346972156395,0.0,0.0
-1.57,0.0,0.0,-0.34735611382875003,0.0,0.0
-1.57,0.0,0.0,-0.34892531273625005,0.0,0.0
-1.57,0.0,0.0,-0.349320227985,0.0,0.0
-1.57,0.0,0.0,-0.34971081984625,0.0,0.0
-1.57,0.0,0.0,-0.35010595803500005,0.0,0.0
-1.57,0.0,0.0,-0.350500191315,0.0,0.0
-1.57,0.0,0.0,-0.3508895407175,0.0,0.0
-1.57,0.0,0.0,-0.35128168864500003,0.0,0.0
-1.57,0.0,0.0,-0.35679537262625,0.0,0.0
-1.57,0.0,0.0,-0.35757644311250003,0.0,0.0
-1.57,0.0,0.0,-0.35834961375125,0.0,0.0
-1.57,0.0,0.0,-0.35912648684250004,0.0,0.0
-1.57,0.0,0.0,-0.3662021110325,0.0,0.0
-1.57,0.0,0.0,-0.36737585362999997,0.0,0.0
-1.57,0.0,0.0,-0.36776689725875,0.0,0.0
-1.57,0.0,0.0,-0.36816175461375,0.0,0.0
-1.57,0.0,0.0,-0.36933594740875003,0.0,0.0
-1.57,0.0,0.0,-0.36972901496375005,0.0,0.0
-1.57,0.0,0.0,-0.37051430619875003,0.0,0.0
-1.57,0.0,0.0,-0.37090948226375,0.0,0.0
-1.57,0.0,0.0,-0.3752233946175,0.0,0.0
-1.57,0.0,0.0,-0.37602152158375,0.0,0.0
-1.57,0.0,0.0,-0.37879157267125,0.0,0.0
-1.57,0.0,0.0,-0.37923745169,0.0,0.0
-1.57,0.0,0.0,-0.37953967806375,0.0,0.0
-1.57,0.0,0.0,-0.37993451422375,0.0,0.0
-1.57,0.0,0.0,-0.38032475028375,0.0,0.0
-1.57,0.0,0.0,-0.38071961804,0.0,0.0
-1.57,0.0,0.0,-0.38307770505250005,0.0,0.0
-1.57,0.0,0.0,-0.38504150952625005,0.0,0.0
-1.57,0.0,0.0,-0.38543235062500003,0.0,0.0
-1.57,0.0,0.0,-0.38582559657125,0.0,0.0
-1.57,0.0,0.0,-0.38660957567875004,0.0,0.0
-1.57,0.0,0.0,-0.38700956732625,0.0,0.0
-1.57,0.0,0.0,-0.38742295146625,0.0,0.0
-1.57,0.0,0.0,-0.38779409338250004,0.0,0.0
-1.57,0.0,0.0,-0.3893599823375,0.0,0.0
-1.57,0.0,0.0,-0.39524448304875004,0.0,0.0
-1.57,0.0,0.0,-0.39603068606125,0.0,0.0
-1.57,0.0,0.0,-0.39720457152875005,0.0,0.0
-1.57,0.0,0.0,-0.39760285540875,0.0,0.0
-1.57,0.0,0.0,-0.39798844132500005,0.0,0.0
-1.57,0.0,0.0,-0.3995626234125,0.0,0.0
-1.57,0.0,0.0,-0.40442546585625,0.0,0.0
-1.57,0.0,0.0,-0.40480569944625,0.0,0.0
-1.57,0.0,0.0,-0.40511495333625,0.0,0.0
-1.57,0.0,0.0,-0.40584929394999997,0.0,0.0
-1.57,0.0,0.0,-0.40624460209125,0.0,0.0
-1.57,0.0,0.0,-0.40795588011125,0.0,0.0
-1.57,0.0,0.0,-0.40819673263375006,0.0,0.0
-1.57,0.0,0.0,-0.40897944632125,0.0,0.0
-1.57,0.0,0.0,-0.41526021934999996,0.0,0.0
-1.57,0.0,0.0,-0.42467942473375003,0.0,0.0
-1.57,0.0,0.0,-0.42664797139250005,0.0,0.0
-1.57,0.0,0.0,-0.42703504213625004,0.0,0.0
-1.57,0.0,0.0,-0.42782283987624997,0.0,0.0
-1.57,0.0,0.0,-0.42860490240625,0.0,0.0
-1.57,0.0,0.0,-0.4293881190825,0.0,0.0
-1.57,0.0,0.0,-0.43216045236125006,0.0,0.0
-1.57,0.0,0.0,-0.43533184765125005,0.0,0.0
-1.57,0.0,0.0,-0.43567112190375,0.0,0.0
-1.57,0.0,0.0,-0.437241229645,0.0,0.0
-1.57,0.0,0.0,-0.4376463018125,0.0,0.0
-1.57,0.0,0.0,-0.4380594159125,0.0,0.0
-1.57,0.0,0.0,-0.44077171415750005,0.0,0.0
-1.57,0.0,0.0,-0.44163100125875004,0.0,0.0
-1.57,0.0,0.0,-0.44356117731375005,0.0,0.0
-1.57,0.0,0.0,-0.44469668707500004,0.0,0.0
-1.57,0.0,0.0,-0.44509024309625006,0.0,0.0
-1.57,0.0,0.0,-0.44587410798625,0.0,0.0
-1.57,0.0,0.0,-0.44665961019,0.0,0.0
-1.57,0.0,0.0,-0.45254539574999997,0.0,0.0
-1.57,0.0,0.0,-0.4533303725925,0.0,0.0
-1.57,0.0,0.0,-0.45450792636500004,0.0,0.0
-1.57,0.0,0.0,-0.45490854110624995,0.0,0.0
-1.57,0.0,0.0,-0.45529577512999997,0.0,0.0
-1.57,0.0,0.0,-0.45607996775750004,0.0,0.0
-1.57,0.0,0.0,-0.4568663203125,0.0,0.0
-1.57,0.0,0.0,-0.45725616269499997,0.0,0.0
-1.57,0.0,0.0,-0.46471300466875,0.0,0.0
-1.57,0.0,0.0,-0.46549378372375005,0.0,0.0
-1.57,0.0,0.0,-0.46669479349250004,0.0,0.0
-1.57,0.0,0.0,-0.46748149910125,0.0,0.0
-1.57,0.0,0.0,-0.468260842195,0.0,0.0
-1.57,0.0,0.0,-0.46985796453375006,0.0,0.0
-1.57,0.0,0.0,-0.47570300035124996,0.0,0.0
-1.57,0.0,0.0,-0.47648779409249997,0.0,0.0
-1.57,0.0,0.0,-0.47727408914625,0.0,0.0
-1.57,0.0,0.0,-0.47805826666250006,0.0,0.0
-1.57,0.0,0.0,-0.47844988118250004,0.0,0.0
-1.57,0.0,0.0,-0.47925213469750005,0.0,0.0
-1.57,0.0,0.0,-0.4800299307525,0.0,0.0
-1.57,0.0,0.0,-0.48041358949375,0.0,0.0
-1.57,0.0,0.0,-0.48434004959375004,0.0,0.0
-1.57,0.0,0.0,-0.48633967459875005,0.0,0.0
-1.57,0.0,0.0,-0.48709371537625007,0.0,0.0
-1.57,0.0,0.0,-0.48787182621625,0.0,0.0
-1.57,0.0,0.0,-0.48866128089500005,0.0,0.0
-1.57,0.0,0.0,-0.48905115448125,0.0,0.0
-1.57,0.0,0.0,-0.4894457624025,0.0,0.0
-1.57,0.0,0.0,-0.49100592497875006,0.0,0.0
-1.57,0.0,0.0,-0.49414533426625,0.0,0.0
-1.57,0.0,0.0,-0.49454906192500003,0.0,0.0
-1.57,0.0,0.0,-0.49494952751625004,0.0,0.0
-1.57,0.0,0.0,-0.49895957186500006,0.0,0.0
-1.57,0.0,0.0,-0.50003260426125,0.0,0.0
-1.57,0.0,0.0,-0.5004477621087501,0.0,0.0
-1.57,0.0,0.0,-0.50125555458375,0.0,0.0
-1.57,0.0,0.0,-0.50280502330125,0.0,0.0
-1.57,0.0,0.0,-0.509858392545,0.0,0.0
-1.57,0.0,0.0,-0.51064554109,0.0,0.0
-1.57,0.0,0.0,-0.51142640983125,0.0,0.0
-1.57,0.0,0.0,-0.5126098801487501,0.0,0.0
-1.57,0.0,0.0,-0.51378259204125,0.0,0.0
-1.57,0.0,0.0,-0.5157388834762501,0.0,0.0
-1.57,0.0,0.0,-0.51613039732,0.0,0.0
-1.57,0.0,0.0,-0.51653780976875,0.0,0.0
-1.57,0.0,0.0,-0.5196746534800001,0.0,0.0
-1.57,0.0,0.0,-0.5200681288425,0.0,0.0
-1.57,0.0,0.0,-0.52400169751,0.0,0.0
-1.57,0.0,0.0,-0.5255685940125,0.0,0.0
-1.57,0.0,0.0,-0.52797269537,0.0,0.0
-1.57,0.0,0.0,-0.528698772485,0.0,0.0
-1.57,0.0,0.0,-0.5290960692275001,0.0,0.0
-1.57,0.0,0.0,-0.5294875922950001,0.0,0.0
-1.57,0.0,0.0,-0.530144315445,0.0,0.0
-1.57,0.0,0.0,-0.53771926930375,0.0,0.0
-1.57,0.0,0.0,-0.53811914693,0.0,0.0
-1.57,0.0,0.0,-0.53850790503125,0.0,0.0
-1.57,0.0,0.0,-0.5388879472775,0.0,0.0
-1.57,0.0,0.0,-0.54086584210875,0.0,0.0
-1.57,0.0,0.0,-0.54518150933,0.0,0.0
-1.57,0.0,0.0,-0.5463576183100001,0.0,0.0
-1.57,0.0,0.0,-0.54832055614375,0.0,0.0
-1.57,0.0,0.0,-0.55185262714125,0.0,0.0
-1.57,0.0,0.0,-0.5522442230175,0.0,0.0
-1.57,0.0,0.0,-0.5526436671275,0.0,0.0
-1.57,0.0,0.0,-0.5530265899312501,0.0,0.0
-1.57,0.0,0.0,-0.5534181214375,0.0,0.0
-1.57,0.0,0.0,-0.5538140999687501,0.0,0.0
-1.57,0.0,0.0,-0.5542075299975,0.0,0.0
-1.57,0.0,0.0,-0.56166516403625,0.0,0.0
-1.57,0.0,0.0,-0.56230270787,0.0,0.0
-1.57,0.0,0.0,-0.5624887067512501,0.0,0.0
-1.57,0.0,0.0,-0.5636268144700001,0.0,0.0
-1.57,0.0,0.0,-0.5702999836825,0.0,0.0
-1.57,0.0,0.0,-0.5726559296075001,0.0,0.0
-1.57,0.0,0.0,-0.57674227105,0.0,0.0
-1.57,0.0,0.0,-0.5789384763437501,0.0,0.0
-1.57,0.0,0.0,-0.58195130869875,0.0,0.0
-1.57,0.0,0.0,-0.5824544699525,0.0,0.0
-1.57,0.0,0.0,-0.58639604581625,0.0,0.0
-1.57,0.0,0.0,-0.5867921982250001,0.0,0.0
-1.57,0.0,0.0,-0.58756647885375,0.0,0.0
-1.57,0.0,0.0,-0.58795995146875,0.0,0.0
-1.57,0.0,0.0,-0.5886814718550001,0.0,0.0
-1.57,0.0,0.0,-0.5899549557675,0.0,0.0
-1.57,0.0,0.0,-0.59112480456875,0.0,0.0
-1.57,0.0,0.0,-0.59149609151375,0.0,0.0
-1.57,0.0,0.0,-0.5958233166825,0.0,0.0
-1.57,0.0,0.0,-0.596595052145,0.0,0.0
-1.57,0.0,0.0,-0.59934183131875,0.0,0.0
-1.57,0.0,0.0,-0.60012598744375,0.0,0.0
-1.57,0.0,0.0,-0.6033596746425001,0.0,0.0
-1.57,0.0,0.0,-0.6057577943,0.0,0.0
-1.57,0.0,0.0,-0.6060342088925,0.0,0.0
-1.57,0.0,0.0,-0.6064275154800001,0.0,0.0
-1.57,0.0,0.0,-0.6068057180787501,0.0,0.0
-1.57,0.0,0.0,-0.607197455255,0.0,0.0
-1.57,0.0,0.0,-0.6079761332575,0.0,0.0
-1.57,0.0,0.0,-0.60876456881,0.0,0.0
-1.57,0.0,0.0,-0.6154382916437501,0.0,0.0
-1.57,0.0,0.0,-0.61582953485875,0.0,0.0
-1.57,0.0,0.0,-0.6174765863375,0.0,0.0
-1.57,0.0,0.0,-0.61823264319125,0.0,0.0
-1.57,0.0,0.0,-0.618581920895,0.0,0.0
-1.57,0.0,0.0,-0.6189706273825,0.0,0.0
-1.57,0.0,0.0,-0.619760541875,0.0,0.0
-1.57,0.0,0.0,-0.6284787308762501,0.0,0.0
-1.57,0.0,0.0,-0.62877699476625,0.0,0.0
-1.57,0.0,0.0,-0.62956811286,0.0,0.0
-1.57,0.0,0.0,-0.63035438593375,0.0,0.0
-1.57,0.0,0.0,-0.6311335734012501,0.0,0.0
-1.57,0.0,0.0,-0.6315212348575,0.0,0.0
-1.57,0.0,0.0,-0.6319230857775,0.0,0.0
-1.57,0.0,0.0,-0.6333369157187501,0.0,0.0
-1.57,0.0,0.0,-0.63898795330875,0.0,0.0
-1.57,0.0,0.0,-0.6397683846087501,0.0,0.0
-1.57,0.0,0.0,-0.6409524089399999,0.0,0.0
-1.57,0.0,0.0,-0.641730853405,0.0,0.0
-1.57,0.0,0.0,-0.64253053467125,0.0,0.0
-1.57,0.0,0.0,-0.6495812180375,0.0,0.0
-1.57,0.0,0.0,-0.65037106816,0.0,0.0
-1.57,0.0,0.0,-0.6511511010725001,0.0,0.0
-1.57,0.0,0.0,-0.65196395777875,0.0,0.0
-1.57,0.0,0.0,-0.6523327804125001,0.0,0.0
-1.57,0.0,0.0,-0.653963679535,0.0,0.0
-1.57,0.0,0.0,-0.65939278428,0.0,0.0
-1.57,0.0,0.0,-0.66135668805625,0.0,0.0
-1.57,0.0,0.0,-0.66293086857375,0.0,0.0
-1.57,0.0,0.0,-0.6638020150625,0.0,0.0
-1.57,0.0,0.0,-0.66842986657875,0.0,0.0
-1.57,0.0,0.0,-0.6688279983650001,0.0,0.0
-1.57,0.0,0.0,-0.67313123413,0.0,0.0
-1.57,0.0,0.0,-0.67428085387375,0.0,0.0
-1.57,0.0,0.0,-0.680202736285,0.0,0.0
-1.57,0.0,0.0,-0.6805925702287501,0.0,0.0
-1.57,0.0,0.0,-0.68098782165375,0.0,0.0
-1.57,0.0,0.0,-0.68176447396375,0.0,0.0
-1.57,0.0,0.0,-0.68255432526375,0.0,0.0
-1.57,0.0,0.0,-0.68372834575125,0.0,0.0
-1.57,0.0,0.0,-0.6841275137375,0.0,0.0
-1.57,0.0,0.0,-0.6884570534787501,0.0,0.0
-1.57,0.0,0.0,-0.68922834816375,0.0,0.0
-1.57,0.0,0.0,-0.6896217077387501,0.0,0.0
-1.57,0.0,0.0,-0.6912491907375,0.0,0.0
-1.57,0.0,0.0,-0.69158146298625,0.0,0.0
-1.57,0.0,0.0,-0.69404691091625,0.0,0.0
-1.57,0.0,0.0,-0.6948918780475,0.0,0.0
-1.57,0.0,0.0,-0.70492508295625,0.0,0.0
-1.57,0.0,0.0,-0.70610126533375,0.0,0.0
-1.57,0.0,0.0,-0.7072780415637501,0.0,0.0
-1.57,0.0,0.0,-0.70806617803125,0.0,0.0
-1.57,0.0,0.0,-0.7096345823225,0.0,0.0
-1.57,0.0,0.0,-0.7182725598275,0.0,0.0
-1.57,0.0,0.0,-0.72063149935,0.0,0.0
-1.57,0.0,0.0,-0.7210321087925,0.0,0.0
-1.57,0.0,0.0,-0.72141268130625,0.0,0.0
-1.57,0.0,0.0,-0.72180864865125,0.0,0.0
-1.57,0.0,0.0,-0.7265967461425,0.0,0.0
-1.57,0.0,0.0,-0.7285138056325,0.0,0.0
-1.57,0.0,0.0,-0.7288705826375,0.0,0.0
-1.57,0.0,0.0,-0.73004460234,0.0,0.0
-1.57,0.0,0.0,-0.73083063520375,0.0,0.0
-1.57,0.0,0.0,-0.73672110642875,0.0,0.0
-1.57,0.0,0.0,-0.73710810122375,0.0,0.0
-1.57,0.0,0.0,-0.73831167185875,0.0,0.0
-1.57,0.0,0.0,-0.739464034785,0.0,0.0
-1.57,0.0,0.0,-0.7413405462775,0.0,0.0
-1.57,0.0,0.0,-0.74419925153625,0.0,0.0
-1.57,0.0,0.0,-0.7453669357,0.0,0.0
-1.57,0.0,0.0,-0.74614216559,0.0,0.0
-1.57,0.0,0.0,-0.7493805465000001,0.0,0.0
-1.57,0.0,0.0,-0.7516433435400001,0.0,0.0
-1.57,0.0,0.0,-0.7528220277125,0.0,0.0
-1.57,0.0,0.0,-0.75320911965125,0.0,0.0
-1.57,0.0,0.0,-0.754473286595,0.0,0.0
-1.57,0.0,0.0,-0.7559497980012501,0.0,0.0
-1.57,0.0,0.0,-0.75673354887,0.0,0.0
-1.57,0.0,0.0,-0.76031539220375,0.0,0.0
-1.57,0.0,0.0,-0.7685175441850001,0.0,0.0
-1.57,0.0,0.0,-0.7700812669325,0.0,0.0
-1.57,0.0,0.0,-0.77048343283375,0.0,0.0
-1.57,0.0,0.0,-0.77563778208375,0.0,0.0
-1.57,0.0,0.0,-0.7777218369787501,0.0,0.0
-1.57,0.0,0.0,-0.7779606624350001,0.0,0.0
-1.57,0.0,0.0,-0.77832636901125,0.0,0.0
-1.57,0.0,0.0,-0.7795005396300001,0.0,0.0
-1.57,0.0,0.0,-0.77989087793625,0.0,0.0
-1.57,0.0,0.0,-0.78185672125125,0.0,0.0
-1.57,0.0,0.0,-0.7842560032975001,0.0,0.0
-1.57,0.0,0.0,-0.785,0.0,0.0
-1.57,0.0,0.0,-0.785,0.0,0.0
-1.57,0.0,0.0,-0.785,0.0,0.0
-1.57,0.0,0.0,-0.785,0.0,0.0
-1.57,0.0,0.0,-0.785,0.0,0.0
-1.57,0.0,0.0,-0.785,0.0,0.0
-1.57,0.0,0.0,-0.785,0.0,0.0
-1.57,0.0,0.0,-0.785,0.0,0.0
-1.57,0.0,0.0,-0.785,0.0,0.0
-1.57,0.0,0.0,-0.785,0.0,0.0
-1.57,0.0,0.0,-0.785,0.0,0.0
-1.57,0.0,0.0,-0.785,0.0,0.0
-1.57,0.0,0.0,-0.785,0.0,0.0
-1.57,0.0,0.0,-0.785,0.0,0.0
-1.57,0.0,0.0,-0.785,0.0,0.0
-1.57,0.0,0.0,-0.785,0.0,0.0
-1.57,0.0,0.0,-0.785,0.0,0.0
-1.57,0.0,0.0,-0.785,0.0,0.0
-1.57,0.0,0.0,-0.785,0.0,0.0
-1.57,0.0,0.0,-0.785,0.0,0.0
-1.57,0.0,0.0,-0.785,0.0,0.0
-1.57,0.0,0.0,-0.785,0.0,0.0
-1.57,0.0,0.0,-0.785,0.0,0.0
-1.57,0.0,0.0,-0.785,0.0,0.0
-1.57,0.0,0.0,-0.785,0.0,0.0
-1.57,0.0,0.0,-0.785,0.0,0.0
-1.57,0.0,0.0,-0.785,0.0,0.0
-1.57,0.0,0.0,-0.785,0.0,0.0
-1.57,0.0,0.0,-0.785,0.0,0.0
-1.57,0.0,0.0,-0.785,0.0,0.0
-1.57,0.0,0.0,-0.785,0.0,0.0
-1.57,0.0,0.0,-0.785,0.0,0.0
-1.57,0.0,0.0,-0.785,0.0,0.0
-1.57,0.0,0.0,-0.785,0.0,0.0
-1.57,0.0,0.0,-0.785,0.0,0.0
-1.57,0.0,0.0,-0.785,0.0,0.0
-1.57,0.0,0.0,-0.785,0.0,0.0
-1.57,0.0,0.0,-0.785,0.0,0.0
-1.57,0.0,0.0,-0.785,0.0,0.0
-1.57,0.0,0.0,-0.785,0.0,0.0
-1.57,0.0,0.0,-0.785,0.0,0.0
-1.57,0.0,0.0,-0.785,0.0,0.0
-1.57,0.0,0.0,-0.785,0.0,0.0
-1.57,0.0,0.0,-0.785,0.0,0.0
-1.57,0.0,0.0,-0.785,0.0,0.0
-1.57,0.0,0.0,-0.785,0.0,0.0
-1.57,0.0,0.0,-0.785,0.0,0.0
-1.57,0.0,0.0,-0.785,0.0,0.0
-1.57,0.0,0.0,-0.785,0.0,0.0
-1.57,0.0,0.0,-0.785,0.0,0.0
-1.57,0.0,0.0,-0.785,0.0,0.0
-1.57,0.0,0.0,-0.785,0.0,0.0
-1.57,0.0,0.0,-0.785,0.0,0.0
-1.57,0.0,0.0,-0.785,0.0,0.0
-1.57,0.0,0.0,-0.785,0.0,0.0
-1.57,0.0,0.0,-0.785,0.0,0.0
-1.57,0.0,0.0,-0.785,0.0,0.0
-1.57,0.0,0.0,-0.785,0.0,0.0
-1.57,0.0,0.0,-0.785,0.0,0.0
-1.57,0.0,0.0,-0.785,0.0,0.0
-1.57,0.0,0.0,-0.785,0.0,0.0
-1.57,0.0,0.0,-0.785,0.0,0.0
-1.57,0.0,0.0,-0.785,0.0,0.0
-1.57,0.0,0.0,-0.785,0.0,0.0
-1.57,0.0,0.0,-0.785,0.0,0.0
-1.57,0.0,0.0,-0.785,0.0,0.0
-1.57,0.0,0.0,-0.785,0.0,0.0
-1.57,0.0,0.0,-0.785,0.0,0.0
-1.57,0.0,0.0,-0.785,0.0,0.0
-1.57,0.0,0.0,-0.785,0.0,0.0
-1.57,0.0,0.0,-0.785,0.0,0.0
-1.57,0.0,0.0,-0.785,0.0,0.0
-1.57,0.0,0.0,-0.785,0.0,0.0
-1.57,0.0,0.0,-0.785,0.0,0.0
-1.57,0.0,0.0,-0.785,0.0,0.0
-1.57,0.0,0.0,-0.785,0.0,0.0
-1.57,0.0,0.0,-0.785,0.0,0.0
-1.57,0.0,0.0,-0.785,0.0,0.0
-1.57,0.0,0.0,-0.785,0.0,0.0
-1.57,0.0,0.0,-0.785,0.0,0.0
-1.57,0.0,0.0,-0.785,0.0,0.0
-1.57,0.0,0.0,-0.785,0.0,0.0
-1.57,0.0,0.0,-0.785,0.0,0.0
-1.57,0.0,0.0,-0.785,0.0,0.0
-1.57,0.0,0.0,-0.785,0.0,0.0
-1.57,0.0,0.0,-0.785,0.0,0.0
-1.57,0.0,0.0,-0.785,0.0,0.0
-1.57,0.0,0.0,-0.785,0.0,0.0
-1.57,0.0,0.0,-0.785,0.0,0.0
-1.57,0.0,0.0,-0.785,0.0,0.0
-1.57,0.0,0.0,-0.785,0.0,0.0
-1.57,0.0,0.0,-0.785,0.0,0.0
-1.57,0.0,0.0,-0.785,0.0,0.0
-1.57,0.0,0.0,-0.785,0.0,0.0
-1.57,0.0,0.0,-0.785,0.0,0.0
-1.57,0.0,0.0,-0.785,0.0,0.0
-1.57,0.0,0.0,-0.785,0.0,0.0
-1.57,0.0,0.0,-0.785,0.0,0.0
-1.57,0.0,0.0,-0.785,0.0,0.0
-1.57,0.0,0.0,-0.785,0.0,0.0
-1.57,0.0,0.0,-0.785,0.0,0.0
-1.57,0.0,0.0,-0.785,0.0,0.0
-1.57,0.0,0.0,-0.785,0.0,0.0
-1.57,0.0,0.0,-0.785,0.0,0.0
-1.57,0.0,0.0,-0.785,0.0,0.0
-1.57,0.0,0.0,-0.785,0.0,0.0
-1.57,0.0,0.0,-0.785,0.0,0.0
-1.57,0.0,0.0,-0.785,0.0,0.0
-1.57,0.0,0.0,-0.785,0.0,0.0
-1.57,0.0,0.0,-0.785,0.0,0.0
-1.57,0.0,0.0,-0.785,0.0,0.0
-1.57,0.0,0.0,-0.785,0.0,0.0
-1.57,0.0,0.0,-0.785,0.0,0.0
-1.57,0.0,0.0,-0.785,0.0,0.0
-1.57,0.0,0.0,-0.785,0.0,0.0
-1.57,0.0,0.0,-0.785,0.0,0.0
-1.57,0.0,0.0,-0.785,0.0,0.0
-1.57,0.0,0.0,-0.785,0.0,0.0
-1.57,0.0,0.0,-0.785,0.0,0.0
-1.57,0.0,0.0,-0.785,0.0,0.0
-1.57,0.0,0.0,-0.785,0.0,0.0
-1.57,0.0,0.0,-0.785,0.0,0.0
-1.57,0.0,0.0,-0.785,0.0,0.0
-1.57,0.0,0.0,-0.785,0.0,0.0
-1.57,0.0,0.0,-0.785,0.0,0.0
-1.57,0.0,0.0,-0.785,0.0,0.0
-1.57,0.0,0.0,-0.785,0.0,0.0
-1.57,0.0,0.0,-0.785,0.0,0.0
-1.57,0.0,0.0,-0.785,0.0,0.0
-1.57,0.0,0.0,-0.785,0.0,0.0
-1.57,0.0,0.0,-0.785,0.0,0.0
-1.57,0.0,0.0,-0.785,0.0,0.0
-1.57,0.0,0.0,-0.785,0.0,0.0
-1.57,0.0,0.0,-0.785,0.0,0.0
-1.57,0.0,0.0,-0.785,0.0,0.0
-1.57,0.0,0.0,-0.785,0.0,0.0
-1.57,0.0,0.0,-0.785,0.0,0.0
-1.57,0.0,0.0,-0.785,0.0,0.0
-1.57,0.0,0.0,-0.785,0.0,0.0
-1.57,0.0,0.0,-0.785,0.0,0.0
-1.57,0.0,0.0,-0.785,0.0,0.0
-1.57,0.0,0.0,-0.785,0.0,0.0
-1.57,0.0,0.0,-0.785,0.0,0.0
-1.57,0.0,0.0,-0.785,0.0,0.0
-1.57,0.0,0.0,-0.785,0.0,0.0
-1.57,0.0,0.0,-0.785,0.0,0.0
-1.57,0.0,0.0,-0.785,0.0,0.0
-1.57,0.0,0.0,-0.785,0.0,0.0
-1.57,0.0,0.0,-0.785,0.0,0.0
-1.57,0.0,0.0,-0.785,0.0,0.0
-1.57,0.0,0.0,-0.785,0.0,0.0
-1.57,0.0,0.0,-0.785,0.0,0.0
-1.57,0.0,0.0,-0.785,0.0,0.0
-1.57,0.0,0.0,-0.785,0.0,0.0
-1.57,0.0,0.0,-0.785,0.0,0.0
-1.57,0.0,0.0,-0.785,0.0,0.0
-1.57,0.0,0.0,-0.785,0.0,0.0
-1.57,0.0,0.0,-0.785,0.0,0.0
-1.57,0.0,0.0,-0.785,0.0,0.0
-1.57,0.0,0.0,-0.785,0.0,0.0
-1.57,0.0,0.0,-0.785,0.0,0.0
-1.57,0.0,0.0,-0.785,0.0,0.0
-1.57,0.0,0.0,-0.78469659808875,0.0,0.0
-1.57,0.0,0.0,-0.78351192417,0.0,0.0
-1.57,0.0,0.0,-0.78306417116,0.0,0.0
-1.57,0.0,0.0,-0.78272514280875,0.0,0.0
-1.57,0.0,0.0,-0.782336191205,0.0,0.0
-1.57,0.0,0.0,-0.78194520017125,0.0,0.0
-1.57,0.0,0.0,-0.7815535234400001,0.0,0.0
-1.57,0.0,0.0,-0.7705639067162501,0.0,0.0
-1.57,0.0,0.0,-0.7627129217375,0.0,0.0
-1.57,0.0,0.0,-0.7623199807637501,0.0,0.0
-1.57,0.0,0.0,-0.76153498154875,0.0,0.0
-1.57,0.0,0.0,-0.76076078000875,0.0,0.0
-1.57,0.0,0.0,-0.75957366886125,0.0,0.0
-1.57,0.0,0.0,-0.75132990147875,0.0,0.0
-1.57,0.0,0.0,-0.7501549293750001,0.0,0.0
-1.57,0.0,0.0,-0.74897875524,0.0,0.0
-1.57,0.0,0.0,-0.748584875995,0.0,0.0
-1.57,0.0,0.0,-0.74583326907125,0.0,0.0
-1.57,0.0,0.0,-0.7406714118850001,0.0,0.0
-1.57,0.0,0.0,-0.7373577840150001,0.0,0.0
-1.57,0.0,0.0,-0.73602448172875,0.0,0.0
-1.57,0.0,0.0,-0.73484428093625,0.0,0.0
-1.57,0.0,0.0,-0.73288545473625,0.0,0.0
-1.57,0.0,0.0,-0.73052881212375,0.0,0.0
-1.57,0.0,0.0,-0.72856860118375,0.0,0.0
-1.57,0.0,0.0,-0.72541080562625,0.0,0.0
-1.57,0.0,0.0,-0.71914129087125,0.0,0.0
-1.57,0.0,0.0,-0.71835814975125,0.0,0.0
-1.57,0.0,0.0,-0.7152180471125,0.0,0.0
-1.57,0.0,0.0,-0.7144083586662501,0.0,0.0
-1.57,0.0,0.0,-0.7073665202875,0.0,0.0
-1.57,0.0,0.0,-0.7055464917037501,0.0,0.0
-1.57,0.0,0.0,-0.70501892067875,0.0,0.0
-1.57,0.0,0.0,-0.7038332878825,0.0,0.0
-1.57,0.0,0.0,-0.69755903192375,0.0,0.0
-1.57,0.0,0.0,-0.6959974893175,0.0,0.0
-1.57,0.0,0.0,-0.695598796845,0.0,0.0
-1.57,0.0,0.0,-0.69520562625875,0.0,0.0
-1.57,0.0,0.0,-0.6948011402900001,0.0,0.0
-1.57,0.0,0.0,-0.6881409979562501,0.0,0.0
-1.57,0.0,0.0,-0.6849900737,0.0,0.0
-1.57,0.0,0.0,-0.68381791621375,0.0,0.0
-1.57,0.0,0.0,-0.6826342584775,0.0,0.0
-1.57,0.0,0.0,-0.67832758539375,0.0,0.0
-1.57,0.0,0.0,-0.67715043432625,0.0,0.0
-1.57,0.0,0.0,-0.6759677354675,0.0,0.0
-1.57,0.0,0.0,-0.6755798112325,0.0,0.0
-1.57,0.0,0.0,-0.67479407765,0.0,0.0
-1.57,0.0,0.0,-0.6736231759675,0.0,0.0
-1.57,0.0,0.0,-0.667337691565,0.0,0.0
-1.57,0.0,0.0,-0.66105823557,0.0,0.0
-1.57,0.0,0.0,-0.6590835912275,0.0,0.0
-1.57,0.0,0.0,-0.65786390042125,0.0,0.0
-1.57,0.0,0.0,-0.65633102346375,0.0,0.0
-1.57,0.0,0.0,-0.65516141232125,0.0,0.0
-1.57,0.0,0.0,-0.65360025181375,0.0,0.0
-1.57,0.0,0.0,-0.65242257931,0.0,0.0
-1.57,0.0,0.0,-0.6520264082575,0.0,0.0
-1.57,0.0,0.0,-0.64641767628,0.0,0.0
-1.57,0.0,0.0,-0.6461428497425,0.0,0.0
-1.57,0.0,0.0,-0.6456337684112501,0.0,0.0
-1.57,0.0,0.0,-0.6445628356937501,0.0,0.0
-1.57,0.0,0.0,-0.6413787867925,0.0,0.0
-1.57,0.0,0.0,-0.635925051495,0.0,0.0
-1.57,0.0,0.0,-0.63475625636,0.0,0.0
-1.57,0.0,0.0,-0.63397292703625,0.0,0.0
-1.57,0.0,0.0,-0.63122320901875,0.0,0.0
-1.57,0.0,0.0,-0.62965736520125,0.0,0.0
-1.57,0.0,0.0,-0.6221988708025,0.0,0.0
-1.57,0.0,0.0,-0.62102492076875,0.0,0.0
-1.57,0.0,0.0,-0.6190593786975,0.0,0.0
-1.57,0.0,0.0,-0.6135543581725,0.0,0.0
-1.57,0.0,0.0,-0.6115420593425,0.0,0.0
-1.57,0.0,0.0,-0.61042617379625,0.0,0.0
-1.57,0.0,0.0,-0.60906627355125,0.0,0.0
-1.57,0.0,0.0,-0.6025756533412501,0.0,0.0
-1.57,0.0,0.0,-0.6021828921325,0.0,0.0
-1.57,0.0,0.0,-0.6010054376625,0.0,0.0
-1.57,0.0,0.0,-0.5935445702087501,0.0,0.0
-1.57,0.0,0.0,-0.5931540107287501,0.0,0.0
-1.57,0.0,0.0,-0.5927492925962501,0.0,0.0
-1.57,0.0,0.0,-0.58412903214875,0.0,0.0
-1.57,0.0,0.0,-0.58215437014375,0.0,0.0
-1.57,0.0,0.0,-0.58017839679625,0.0,0.0
-1.57,0.0,0.0,-0.57783519063625,0.0,0.0
-1.57,0.0,0.0,-0.5774545113625,0.0,0.0
-1.57,0.0,0.0,-0.5754902672887501,0.0,0.0
-1.57,0.0,0.0,-0.57468186742,0.0,0.0
-1.57,0.0,0.0,-0.57146193773875,0.0,0.0
-1.57,0.0,0.0,-0.5699890247725,0.0,0.0
-1.57,0.0,0.0,-0.5684230353375,0.0,0.0
-1.57,0.0,0.0,-0.5644998863675,0.0,0.0
-1.57,0.0,0.0,-0.56289202248125,0.0,0.0
-1.57,0.0,0.0,-0.56175410689125,0.0,0.0
-1.57,0.0,0.0,-0.56018500100625,0.0,0.0
-1.57,0.0,0.0,-0.552723463555,0.0,0.0
-1.57,0.0,0.0,-0.5502402701112501,0.0,0.0
-1.57,0.0,0.0,-0.549143890245,0.0,0.0
-1.57,0.0,0.0,-0.5476246032075001,0.0,0.0
-1.57,0.0,0.0,-0.5464480703275,0.0,0.0
-1.57,0.0,0.0,-0.543703634575,0.0,0.0
-1.57,0.0,0.0,-0.54252253378,0.0,0.0
-1.57,0.0,0.0,-0.538989946645,0.0,0.0
-1.57,0.0,0.0,-0.53820338979375,0.0,0.0
-1.57,0.0,0.0,-0.53742744319875,0.0,0.0
-1.57,0.0,0.0,-0.53493038096375,0.0,0.0
-1.57,0.0,0.0,-0.5338885886237501,0.0,0.0
-1.57,0.0,0.0,-0.5311351567712501,0.0,0.0
-1.57,0.0,0.0,-0.5264306715925,0.0,0.0
-1.57,0.0,0.0,-0.52434314680125,0.0,0.0
-1.57,0.0,0.0,-0.52287613683875,0.0,0.0
-1.57,0.0,0.0,-0.5216830700924999,0.0,0.0
-1.57,0.0,0.0,-0.51818294447375,0.0,0.0
-1.57,0.0,0.0,-0.51701043354125,0.0,0.0
-1.57,0.0,0.0,-0.51622669268125,0.0,0.0
-1.57,0.0,0.0,-0.51504490147875,0.0,0.0
-1.57,0.0,0.0,-0.51386849851625,0.0,0.0
-1.57,0.0,0.0,-0.512693431035,0.0,0.0
-1.57,0.0,0.0,-0.50837251393,0.0,0.0
-1.57,0.0,0.0,-0.5068037079150001,0.0,0.0
-1.57,0.0,0.0,-0.50405248132375,0.0,0.0
-1.57,0.0,0.0,-0.5013032431375,0.0,0.0
-1.57,0.0,0.0,-0.49973774687875,0.0,0.0
-1.57,0.0,0.0,-0.4989539014175,0.0,0.0
-1.57,0.0,0.0,-0.49776308251875,0.0,0.0
-1.57,0.0,0.0,-0.49659738008750004,0.0,0.0
-1.57,0.0,0.0,-0.49541711590625,0.0,0.0
-1.57,0.0,0.0,-0.49109316340250003,0.0,0.0
-1.57,0.0,0.0,-0.48833798119625005,0.0,0.0
-1.57,0.0,0.0,-0.48638903441750003,0.0,0.0
-1.57,0.0,0.0,-0.48482377738750004,0.0,0.0
-1.57,0.0,0.0,-0.484437150365,0.0,0.0
-1.57,0.0,0.0,-0.48324719143375,0.0,0.0
-1.57,0.0,0.0,-0.481515283025,0.0,0.0
-1.57,0.0,0.0,-0.48050483553875,0.0,0.0
-1.57,0.0,0.0,-0.47854056870000006,0.0,0.0
-1.57,0.0,0.0,-0.47499777401375004,0.0,0.0
-1.57,0.0,0.0,-0.470922295205,0.0,0.0
-1.57,0.0,0.0,-0.4679563034075,0.0,0.0
-1.57,0.0,0.0,-0.464007363655,0.0,0.0
-1.57,0.0,0.0,-0.46087693987,0.0,0.0
-1.57,0.0,0.0,-0.45852844575375,0.0,0.0
-1.57,0.0,0.0,-0.45734922228625,0.0,0.0
-1.57,0.0,0.0,-0.454993277735,0.0,0.0
-1.57,0.0,0.0,-0.45420988875125,0.0,0.0
-1.57,0.0,0.0,-0.45303459224625003,0.0,0.0
-1.57,0.0,0.0,-0.4463592452475,0.0,0.0
-1.57,0.0,0.0,-0.445160521595,0.0,0.0
-1.57,0.0,0.0,-0.441559188085,0.0,0.0
-1.57,0.0,0.0,-0.4412165446125,0.0,0.0
-1.57,0.0,0.0,-0.43733347754625,0.0,0.0
-1.57,0.0,0.0,-0.43496983803250006,0.0,0.0
-1.57,0.0,0.0,-0.43340502079875004,0.0,0.0
-1.57,0.0,0.0,-0.43222828695875,0.0,0.0
-1.57,0.0,0.0,-0.42791352896375,0.0,0.0
-1.57,0.0,0.0,-0.4271275624325,0.0,0.0
-1.57,0.0,0.0,-0.42516464304625,0.0,0.0
-1.57,0.0,0.0,-0.42398814922,0.0,0.0
-1.57,0.0,0.0,-0.4200541048425,0.0,0.0
-1.57,0.0,0.0,-0.41731590552250003,0.0,0.0
-1.57,0.0,0.0,-0.41613842102625,0.0,0.0
-1.57,0.0,0.0,-0.41409720201125,0.0,0.0
-1.57,0.0,0.0,-0.41370391544125,0.0,0.0
-1.57,0.0,0.0,-0.4090724219175,0.0,0.0
-1.57,0.0,0.0,-0.40592516204125,0.0,0.0
-1.57,0.0,0.0,-0.4051443086075,0.0,0.0
-1.57,0.0,0.0,-0.403579920965,0.0,0.0
-1.57,0.0,0.0,-0.40200884963625005,0.0,0.0
-1.57,0.0,0.0,-0.39769721397875,0.0,0.0
-1.57,0.0,0.0,-0.39729316937625003,0.0,0.0
-1.57,0.0,0.0,-0.39572374909875,0.0,0.0
-1.57,0.0,0.0,-0.394943117035,0.0,0.0
-1.57,0.0,0.0,-0.3945463124875,0.0,0.0
-1.57,0.0,0.0,-0.39415169867875005,0.0,0.0
-1.57,0.0,0.0,-0.39011355407750004,0.0,0.0
-1.57,0.0,0.0,-0.38905277906375,0.0,0.0
-1.57,0.0,0.0,-0.38080453894750005,0.0,0.0
-1.57,0.0,0.0,-0.37845118862500005,0.0,0.0
-1.57,0.0,0.0,-0.37452922480875,0.0,0.0
-1.57,0.0,0.0,-0.37413989620875004,0.0,0.0
-1.57,0.0,0.0,-0.37335412219875,0.0,0.0
-1.57,0.0,0.0,-0.36702405470250005,0.0,0.0
-1.57,0.0,0.0,-0.36472150231875,0.0,0.0
-1.57,0.0,0.0,-0.36314816626499996,0.0,0.0
-1.57,0.0,0.0,-0.3611892870775,0.0,0.0
-1.57,0.0,0.0,-0.36079130188999997,0.0,0.0
-1.57,0.0,0.0,-0.3596135856225,0.0,0.0
-1.57,0.0,0.0,-0.35137632569375,0.0,0.0
-1.57,0.0,0.0,-0.35059138613875,0.0,0.0
-1.57,0.0,0.0,-0.34901832405000005,0.0,0.0
-1.57,0.0,0.0,-0.34649024077375007,0.0,0.0
-1.57,0.0,0.0,-0.34283750095000004,0.0,0.0
-1.57,0.0,0.0,-0.34037538397125,0.0,0.0
-1.57,0.0,0.0,-0.336049969405,0.0,0.0
-1.57,0.0,0.0,-0.33286990359375,0.0,0.0
-1.57,0.0,0.0,-0.3305568106225,0.0,0.0
-1.57,0.0,0.0,-0.32939437810875,0.0,0.0
-1.57,0.0,0.0,-0.32428768581625,0.0,0.0
-1.57,0.0,0.0,-0.3238610840425,0.0,0.0
-1.57,0.0,0.0,-0.3235023884975,0.0,0.0
-1.57,0.0,0.0,-0.32189712669000003,0.0,0.0
-1.57,0.0,0.0,-0.31252183695375,0.0,0.0
-1.57,0.0,0.0,-0.3120898190725,0.0,0.0
-1.57,0.0,0.0,-0.30976233999499997,0.0,0.0
-1.57,0.0,0.0,-0.30604967170125,0.0,0.0
-1.57,0.0,0.0,-0.30421736983875003,0.0,0.0
-1.57,0.0,0.0,-0.3030974015075,0.0,0.0
-1.57,0.0,0.0,-0.29758800676624997,0.0,0.0
-1.57,0.0,0.0,-0.29515655738249996,0.0,0.0
-1.57,0.0,0.0,-0.29367746568124997,0.0,0.0
-1.57,0.0,0.0,-0.29250628905250003,0.0,0.0
-1.57,0.0,0.0,-0.29050724121875005,0.0,0.0
-1.57,0.0,0.0,-0.28738392364625004,0.0,0.0
-1.57,0.0,0.0,-0.28450211799625,0.0,0.0
-1.57,0.0,0.0,-0.28347278753125005,0.0,0.0
-1.57,0.0,0.0,-0.28151123149375,0.0,0.0
-1.57,0.0,0.0,-0.27993978729,0.0,0.0
-1.57,0.0,0.0,-0.27548967272625,0.0,0.0
-1.57,0.0,0.0,-0.2721826700600001,0.0,0.0
-1.57,0.0,0.0,-0.27169029352875007,0.0,0.0
-1.57,0.0,0.0,-0.26776367525125,0.0,0.0
-1.57,0.0,0.0,-0.2650201255675,0.0,0.0
-1.57,0.0,0.0,-0.264620624545,0.0,0.0
-1.57,0.0,0.0,-0.26028127269625,0.0,0.0
-1.57,0.0,0.0,-0.25744554909749995,0.0,0.0
-1.57,0.0,0.0,-0.25671416145750003,0.0,0.0
-1.57,0.0,0.0,-0.2560031555575,0.0,0.0
-1.57,0.0,0.0,-0.25515629186625,0.0,0.0
-1.57,0.0,0.0,-0.24723586382499996,0.0,0.0
-1.57,0.0,0.0,-0.24617487391750004,0.0,0.0
-1.57,0.0,0.0,-0.24421084042000007,0.0,0.0
-1.57,0.0,0.0,-0.24225274171875,0.0,0.0
-1.57,0.0,0.0,-0.23637430415125005,0.0,0.0
-1.57,0.0,0.0,-0.23480438775375,0.0,0.0
-1.57,0.0,0.0,-0.23362600835750003,0.0,0.0
-1.57,0.0,0.0,-0.23223512592875006,0.0,0.0
-1.57,0.0,0.0,-0.22891518175250003,0.0,0.0
-1.57,0.0,0.0,-0.22617735020500007,0.0,0.0
-1.57,0.0,0.0,-0.225382672725,0.0,0.0
-1.57,0.0,0.0,-0.22418374889750003,0.0,0.0
-1.57,0.0,0.0,-0.2238069936425,0.0,0.0
-1.57,0.0,0.0,-0.22302911045250007,0.0,0.0
-1.57,0.0,0.0,-0.22105601118625007,0.0,0.0
-1.57,0.0,0.0,-0.21478437614625,0.0,0.0
-1.57,0.0,0.0,-0.2121702619725,0.0,0.0
-1.57,0.0,0.0,-0.21067376760625,0.0,0.0
-1.57,0.0,0.0,-0.21066551156500002,0.0,0.0
-1.57,0.0,0.0,-0.21046815412625008,0.0,0.0
-1.57,0.0,0.0,-0.20927874332125007,0.0,0.0
-1.57,0.0,0.0,-0.19987049496749998,0.0,0.0
-1.57,0.0,0.0,-0.19829990876875003,0.0,0.0
-1.57,0.0,0.0,-0.19672923837875,0.0,0.0
-1.57,0.0,0.0,-0.19593607516375,0.0,0.0
-1.57,0.0,0.0,-0.19436364441124998,0.0,0.0
-1.57,0.0,0.0,-0.19396943625124996,0.0,0.0
-1.57,0.0,0.0,-0.18939740549625006,0.0,0.0
-1.57,0.0,0.0,-0.18652321748625,0.0,0.0
-1.57,0.0,0.0,-0.18495425506000007,0.0,0.0
-1.57,0.0,0.0,-0.18299314882750006,0.0,0.0
-1.57,0.0,0.0,-0.17950150788124997,0.0,0.0
-1.57,0.0,0.0,-0.17710539291749994,0.0,0.0
-1.57,0.0,0.0,-0.17553283401374997,0.0,0.0
-1.57,0.0,0.0,-0.17396150088749995,0.0,0.0
-1.57,0.0,0.0,-0.16570918171500004,0.0,0.0
-1.57,0.0,0.0,-0.16454233651999994,0.0,0.0
-1.57,0.0,0.0,-0.16061392392874996,0.0,0.0
-1.57,0.0,0.0,-0.16022549474250003,0.0,0.0
-1.57,0.0,0.0,-0.15942796280624993,0.0,0.0
-1.57,0.0,0.0,-0.15747550374124997,0.0,0.0
-1.57,0.0,0.0,-0.14990688934624996,0.0,0.0
-1.57,0.0,0.0,-0.14726646903750007,0.0,0.0
-1.57,0.0,0.0,-0.14527211746625002,0.0,0.0
-1.57,0.0,0.0,-0.14295859137125,0.0,0.0
-1.57,0.0,0.0,-0.14216812345374996,0.0,0.0
-1.57,0.0,0.0,-0.14059770799250004,0.0,0.0
-1.57,0.0,0.0,-0.13626991840875002,0.0,0.0
-1.57,0.0,0.0,-0.13235400969,0.0,0.0
-1.57,0.0,0.0,-0.12919896143624998,0.0,0.0
-1.57,0.0,0.0,-0.12411453723874999,0.0,0.0
-1.57,0.0,0.0,-0.12097573416749996,0.0,0.0
-1.57,0.0,0.0,-0.12020157109250007,0.0,0.0
-1.57,0.0,0.0,-0.11498440398374998,0.0,0.0
-1.57,0.0,0.0,-0.11155737128499998,0.0,0.0
-1.57,0.0,0.0,-0.1088056342475,0.0,0.0
-1.57,0.0,0.0,-0.105943851985,0.0,0.0
-1.57,0.0,0.0,-0.104886642245,0.0,0.0
-1.57,0.0,0.0,-0.10287222293374998,0.0,0.0
-1.57,0.0,0.0,-0.10134316421625,0.0,0.0
-1.57,0.0,0.0,-0.09742384427999995,0.0,0.0
-1.57,0.0,0.0,-0.09464932948625004,0.0,0.0
-1.57,0.0,0.0,-0.093467977295,0.0,0.0
-1.57,0.0,0.0,-0.09153828754750004,0.0,0.0
-1.57,0.0,0.0,-0.0899772365475,0.0,0.0
-1.57,0.0,0.0,-0.08679543353124997,0.0,0.0
-1.57,0.0,0.0,-0.08525244812874999,0.0,0.0
-1.57,0.0,0.0,-0.08132629437499994,0.0,0.0
-1.57,0.0,0.0,-0.0789176572875,0.0,0.0
-1.57,0.0,0.0,-0.07736238683124996,0.0,0.0
-1.57,0.0,0.0,-0.07348385333624996,0.0,0.0
-1.57,0.0,0.0,-0.06742901056875006,0.0,0.0
-1.57,0.0,0.0,-0.06641760165374999,0.0,0.0
-1.57,0.0,0.0,-0.06221351001499997,0.0,0.0
-1.57,0.0,0.0,-0.060925862151249954,0.0,0.0
-1.57,0.0,0.0,-0.057784769823750026,0.0,0.0
-1.57,0.0,0.0,-0.05502794245374998,0.0,0.0
-1.57,0.0,0.0,-0.05188722202000007,0.0,0.0
-1.57,0.0,0.0,-0.04757562777125002,0.0,0.0
-1.57,0.0,0.0,-0.04522518783624996,0.0,0.0
-1.57,0.0,0.0,-0.04287068101250002,0.0,0.0
-1.57,0.0,0.0,-0.040611826831249975,0.0,0.0
-1.57,0.0,0.0,-0.039339141656249965,0.0,0.0
-1.57,0.0,0.0,-0.034234719191249985,0.0,0.0
-1.57,0.0,0.0,-0.033054558630000064,0.0,0.0
-1.57,0.0,0.0,-0.032661460656249974,0.0,0.0
-1.57,0.0,0.0,-0.03148181799875005,0.0,0.0
-1.57,0.0,0.0,-0.028736105051250016,0.0,0.0
-1.57,0.0,0.0,-0.025599660904999988,0.0,0.0
-1.57,0.0,0.0,-0.02324638182124994,0.0,0.0
-1.57,0.0,0.0,-0.01931858310000001,0.0,0.0
-1.57,0.0,0.0,-0.018140060048750017,0.0,0.0
-1.57,0.0,0.0,-0.013249934537500008,0.0,0.0
-1.57,0.0,0.0,-0.012978870308750001,0.0,0.0
-1.57,0.0,0.0,-0.011813267768749913,0.0,0.0
-1.57,0.0,0.0,-0.010684871873750001,0.0,0.0
-1.57,0.0,0.0,-0.0044007461100000755,0.0,0.0
-1.57,0.0,0.0,-0.0004122488337499064,0.0,0.0
-1.57,0.0,0.0,0.0,0.0,0.0
-1.57,0.0,0.0,0.0,0.0,0.0
-1.57,0.0,0.0,0.0,0.0,0.0
-1.57,0.0,0.0,0.0,0.0,0.0
-1.57,0.0,0.0,0.0,0.0,0.0
-1.57,0.0,0.0,0.0,0.0,0.0
-1.57,0.0,0.0,0.0,0.0,0.0
-1.57,0.0,0.0,0.0,0.0,0.0
-1.57,0.0,0.0,0.0,0.0,0.0
-1.57,0.0,0.0,0.0,0.0,0.0
-1.57,0.0,0.0,0.0,0.0,0.0
-1.57,0.0,0.0,0.0,0.0,0.0
-1.57,0.0,0.0,0.0,0.0,0.0
-1.57,0.0,0.0,0.0,0.0,0.0
-1.57,0.0,0.0,0.0,0.0,0.0
-1.57,0.0,0.0,0.0,0.0,0.0
-1.57,0.0,0.0,0.0,0.0,0.0
-1.57,0.0,0.0,0.0,0.0,0.0
-1.57,0.0,0.0,0.0,0.0,0.0
-1.57,0.0,0.0,0.0,0.0,0.0
-1.57,0.0,0.0,0.0,0.0,0.0
-1.57,0.0,0.0,0.0,0.0,0.0
-1.57,0.0,0.0,0.0,0.0,0.0
-1.57,0.0,0.0,0.0,0.0,0.0
-1.57,0.0,0.0,0.0,0.0,0.0
-1.57,0.0,0.0,0.0,0.0,0.0
-1.57,0.0,0.0,0.0,0.0,0.0
-1.57,0.0,0.0,0.0,0.0,0.0
-1.57,0.0,0.0,0.0,0.0,0.0
-1.57,0.0,0.0,0.0,0.0,0.0
-1.57,0.0,0.0,0.0,0.0,0.0
-1.57,0.0,0.0,0.0,0.0,0.0
-1.57,0.0,0.0,0.0,0.0,0.0
-1.57,0.0,0.0,0.0,0.0,0.0
-1.57,0.0,0.0,0.0,0.0,0.0
-1.57,0.0,0.0,0.0,0.0,0.0
-1.57,0.0,0.0,0.0,0.0,0.0
-1.57,0.0,0.0,0.0,0.0,0.0
-1.57,0.0,0.0,0.0,0.0,0.0
-1.57,0.0,0.0,0.0,0.0,0.0
-1.57,0.0,0.0,0.0,0.0,0.0
-1.57,0.0,0.0,0.0,0.0,0.0
-1.57,0.0,0.0,0.0,0.0,0.0
-1.57,0.0,0.0,0.0,0.0,0.0
-1.57,0.0,0.0,0.0,0.0,0.0
-1.57,0.0,0.0,0.0,0.0,0.0
-1.57,0.0,0.0,0.0,0.0,0.0
-1.57,0.0,0.0,0.0,0.0,0.0
-1.57,0.0,0.0,0.0,0.0,0.0
-1.57,0.0,0.0,0.0,0.0,0.0
-1.57,0.0,0.0,0.0,0.0,0.0
-1.57,0.0,0.0,0.0,0.0,0.0
-1.57,0.0,0.0,0.0,0.0,0.0
-1.57,0.0,0.0,0.0,0.0,0.0
-1.57,0.0,0.0,0.0,0.0,0.0
-1.57,0.0,0.0,0.0,0.0,0.0
-1.57,0.0,0.0,0.0,0.0,0.0
-1.57,0.0,0.0,0.0,0.0,0.0
-1.57,0.0,0.0,0.0,0.0,0.0
-1.57,0.0,0.0,0.0,0.0,0.0
-1.57,0.0,0.0,0.0,0.0,0.0
-1.57,0.0,0.0,0.0,0.0,0.0
-1.57,0.0,0.0,0.0,0.0,0.0
-1.57,0.0,0.0,0.0,0.0,0.0
-1.57,0.0,0.0,0.0,0.0,0.0
-1.57,0.0,0.0,0.0,0.0,0.0
-1.57,0.0,0.0,0.0,0.0,0.0
-1.57,0.0,0.0,0.0,0.0,0.0
-1.57,0.0,0.0,0.0,0.0,0.0
-1.57,0.0,0.0,0.0,0.0,0.0
-1.57,0.0,0.0,0.0,0.0,0.0
-1.57,0.0,0.0,0.0,0.0,0.0
-1.57,0.0,0.0,0.0,0.0,0.0
-1.57,0.0,0.0,0.0,0.0,0.0
-1.57,0.0,0.0,0.0,0.0,0.0
-1.57,0.0,0.0,0.0,0.0,0.0
-1.57,0.0,0.0,0.0,0.0,0.0
-1.57,0.0,0.0,0.0,0.0,0.0
-1.57,0.0,0.0,0.0,0.0,0.0
-1.57,0.0,0.0,0.0,0.0,0.0
-1.57,0.0,0.0,0.0,0.0,0.0
-1.57,0.0,0.0,0.0,0.0,0.0
-1.57,0.0,0.0,0.0,0.0,0.0
-1.57,0.0,0.0,0.0,0.0,0.0
-1.57,0.0,0.0,0.0,0.0,0.0
-1.57,0.0,0.0,0.0,0.0,0.0
-1.57,0.0,0.0,0.0,0.0,0.0
-1.57,0.0,0.0,0.0,0.0,0.0
-1.57,0.0,0.0,0.0,0.0,0.0
-1.57,0.0,0.0,0.0,0.0,0.0
-1.57,0.0,0.0,0.0,0.0,0.0
-1.57,0.0,0.0,0.0,0.0,0.0
-1.57,0.0,0.0,0.0,0.0,0.0
-1.57,0.0,0.0,0.0,0.0,0.0
-1.57,0.0,0.0,0.0,0.0,0.0
-1.57,0.0,0.0,0.0,0.0,0.0
-1.57,0.0,0.0,0.0,0.0,0.0
-1.57,0.0,0.0,0.0,0.0,0.0
-1.57,0.0,0.0,0.0,0.0,0.0
-1.57,0.0,0.0,0.0,0.0,0.0
-1.57,0.0,0.0,0.0,0.0,0.0
-1.57,0.0,0.0,0.0,0.0,0.0
-1.57,0.0,0.0,0.0,0.0,0.0
-1.57,0.0,0.0,0.0,0.0,0.0
-1.57,0.0,0.0,0.0,0.0,0.0
-1.57,0.0,0.0,0.0,0.0,0.0
-1.57,0.0,0.0,0.0,0.0,0.0
-1.57,0.0,0.0,0.0,0.0,0.0
-1.57,0.0,0.0,0.0,0.0,0.0
-1.57,0.0,0.0,0.0,0.0,0.0
-1.57,0.0,0.0,0.0,0.0,0.0
-1.57,0.0,0.0,0.0,0.0,0.0
-1.57,0.0,0.0,0.0,0.0,0.0
-1.57,0.0,0.0,0.0,0.0,0.0
-1.57,0.0,0.0,0.0,0.0,0.0
-1.57,0.0,0.0,0.0,0.0,0.0
-1.57,0.0,0.0,0.0,0.0,0.0
-1.57,0.0,0.0,0.0,0.0,0.0
-1.57,0.0,0.0,0.0,0.0,0.0
-1.57,0.0,0.0,0.0,0.0,0.0
-1.57,0.0,0.0,0.0,0.0,0.0
-1.57,0.0,0.0,0.0,0.0,0.0
-1.57,0.0,0.0,0.0,0.0,0.0
-1.57,0.0,0.0,0.0,0.0,0.0
-1.57,0.0,0.0,0.0,0.0,0.0
-1.57,0.0,0.0,0.0,0.0,0.0
-1.57,0.0,0.0,0.0,0.0,0.0
-1.57,0.0,0.0,0.0,0.0,0.0
-1.57,0.0,0.0,0.0,0.0,0.0
-1.57,0.0,0.0,0.0,0.0,0.0
-1.57,0.0,0.0,0.0,0.0,0.0
-1.57,0.0,0.0,0.0,0.0,0.0
-1.57,0.0,0.0,0.0,0.0,0.0
-1.57,0.0,0.0,0.0,0.0,0.0
-1.57,0.0,0.0,0.0,0.0,0.0
-1.57,0.0,0.0,0.0,0.0,0.0
-1.57,0.0,0.0,0.0,0.0,0.0
-1.57,0.0,0.0,0.0,0.0,0.0
-1.57,0.0,0.0,0.0,0.0,0.0
-1.57,0.0,0.0,0.0,0.0,0.0
-1.57,0.0,0.0,0.0,0.0,0.0
-1.57,0.0,0.0,0.0,0.0,0.0
-1.57,0.0,0.0,0.0,0.0,0.0
-1.57,0.0051435237075,0.0051435237075,0.0051435237075,0.0051435237075,0.0051435237075
-1.57,0.013219144875,0.013219144875,0.013219144875,0.013219144875,0.013219144875
-1.57,0.0139909666875,0.0139909666875,0.0139909666875,0.0139909666875,0.0139909666875
-1.57,0.016322454956250003,0.016322454956250003,0.016322454956250003,0.016322454956250003,0.016322454956250003
-1.57,0.0189022242025,0.0189022242025,0.0189022242025,0.0189022242025,0.0189022242025
-1.57,0.0201231833725,0.0201231833725,0.0201231833725,0.0201231833725,0.0201231833725
-1.57,0.0261558958125,0.0261558958125,0.0261558958125,0.0261558958125,0.0261558958125
-1.57,0.02733571274,0.02733571274,0.02733571274,0.02733571274,0.02733571274
-1.57,0.03155138273625,0.03155138273625,0.03155138273625,0.03155138273625,0.03155138273625
-1.57,0.035573401475,0.035573401475,0.035573401475,0.035573401475,0.035573401475
-1.57,0.03792823898,0.03792823898,0.03792823898,0.03792823898,0.03792823898
-1.57,0.04147451259,0.04147451259,0.04147451259,0.04147451259,0.04147451259
-1.57,0.0458638169325,0.0458638169325,0.0458638169325,0.0458638169325,0.0458638169325
-1.57,0.04736035722125,0.04736035722125,0.04736035722125,0.04736035722125,0.04736035722125
-1.57,0.0485300474525,0.0485300474525,0.0485300474525,0.0485300474525,0.0485300474525
-1.57,0.04970542697125,0.04970542697125,0.04970542697125,0.04970542697125,0.04970542697125
-1.57,0.05088969602625,0.05088969602625,0.05088969602625,0.05088969602625,0.05088969602625
-1.57,0.05756125971750001,0.05756125971750001,0.05756125971750001,0.05756125971750001,0.05756125971750001
-1.57,0.05915860813625,0.05915860813625,0.05915860813625,0.05915860813625,0.05915860813625
-1.57,0.062272439964999995,0.062272439964999995,0.062272439964999995,0.062272439964999995,0.062272439964999995
-1.57,0.06501206602250001,0.06501206602250001,0.06501206602250001,0.06501206602250001,0.06501206602250001
-1.57,0.06619175440625,0.06619175440625,0.06619175440625,0.06619175440625,0.06619175440625
-1.57,0.0681502974175,0.0681502974175,0.0681502974175,0.0681502974175,0.0681502974175
-1.57,0.07168650713125,0.07168650713125,0.07168650713125,0.07168650713125,0.07168650713125
-1.57,0.07208171498875,0.07208171498875,0.07208171498875,0.07208171498875,0.07208171498875
-1.57,0.0732566643275,0.0732566643275,0.0732566643275,0.0732566643275,0.0732566643275
-1.57,0.0744355482825,0.0744355482825,0.0744355482825,0.0744355482825,0.0744355482825
-1.57,0.080725637495,0.080725637495,0.080725637495,0.080725637495,0.080725637495
-1.57,0.08286993643,0.08286993643,0.08286993643,0.08286993643,0.08286993643
-1.57,0.08817161624625,0.08817161624625,0.08817161624625,0.08817161624625,0.08817161624625
-1.57,0.09092589118875,0.09092589118875,0.09092589118875,0.09092589118875,0.09092589118875
-1.57,0.093670956315,0.093670956315,0.093670956315,0.093670956315,0.093670956315
-1.57,0.09601977758,0.09601977758,0.09601977758,0.09601977758,0.09601977758
-1.57,0.0968049498875,0.0968049498875,0.0968049498875,0.0968049498875,0.0968049498875
-1.57,0.10033976544124999,0.10033976544124999,0.10033976544124999,0.10033976544124999,0.10033976544124999
-1.57,0.10511474519000001,0.10511474519000001,0.10511474519000001,0.10511474519000001,0.10511474519000001
-1.57,0.11014971752750001,0.11014971752750001,0.11014971752750001,0.11014971752750001,0.11014971752750001
-1.57,0.11172109932375,0.11172109932375,0.11172109932375,0.11172109932375,0.11172109932375
-1.57,0.11332050777875001,0.11332050777875001,0.11332050777875001,0.11332050777875001,0.11332050777875001
-1.57,0.11565325401,0.11565325401,0.11565325401,0.11565325401,0.11565325401
-1.57,0.117239852835,0.117239852835,0.117239852835,0.117239852835,0.117239852835
-1.57,0.12546030964250002,0.12546030964250002,0.12546030964250002,0.12546030964250002,0.12546030964250002
-1.57,0.12742293838250002,0.12742293838250002,0.12742293838250002,0.12742293838250002,0.12742293838250002
-1.57,0.12900487882125,0.12900487882125,0.12900487882125,0.12900487882125,0.12900487882125
-1.57,0.13056681883375001,0.13056681883375001,0.13056681883375001,0.13056681883375001,0.13056681883375001
-1.57,0.13654713330875,0.13654713330875,0.13654713330875,0.13654713330875,0.13654713330875
-1.57,0.14076371998875,0.14076371998875,0.14076371998875,0.14076371998875,0.14076371998875
-1.57,0.143127215455,0.143127215455,0.143127215455,0.143127215455,0.143127215455
-1.57,0.14355417989875,0.14355417989875,0.14355417989875,0.14355417989875,0.14355417989875
-1.57,0.14429651043875,0.14429651043875,0.14429651043875,0.14429651043875,0.14429651043875
-1.57,0.14511609439875,0.14511609439875,0.14511609439875,0.14511609439875,0.14511609439875
-1.57,0.15175540499125,0.15175540499125,0.15175540499125,0.15175540499125,0.15175540499125
-1.57,0.1556856073825,0.1556856073825,0.1556856073825,0.1556856073825,0.1556856073825
-1.57,0.16001027031125,0.16001027031125,0.16001027031125,0.16001027031125,0.16001027031125
-1.57,0.16358820670000002,0.16358820670000002,0.16358820670000002,0.16358820670000002,0.16358820670000002
-1.57,0.16549473835875,0.16549473835875,0.16549473835875,0.16549473835875,0.16549473835875
-1.57,0.16667084812375002,0.16667084812375002,0.16667084812375002,0.16667084812375002,0.16667084812375002
-1.57,0.17138254764875002,0.17138254764875002,0.17138254764875002,0.17138254764875002,0.17138254764875002
-1.57,0.17490643109625,0.17490643109625,0.17490643109625,0.17490643109625,0.17490643109625
-1.57,0.1804207713375,0.1804207713375,0.1804207713375,0.1804207713375,0.1804207713375
-1.57,0.18199305922,0.18199305922,0.18199305922,0.18199305922,0.18199305922
-1.57,0.18598116085625,0.18598116085625,0.18598116085625,0.18598116085625,0.18598116085625
-1.57,0.18749980772625002,0.18749980772625002,0.18749980772625002,0.18749980772625002,0.18749980772625002
-1.57,0.1890469612825,0.1890469612825,0.1890469612825,0.1890469612825,0.1890469612825
-1.57,0.1917892834225,0.1917892834225,0.1917892834225,0.1917892834225,0.1917892834225
-1.57,0.1929665487075,0.1929665487075,0.1929665487075,0.1929665487075,0.1929665487075
-1.57,0.19611785938,0.19611785938,0.19611785938,0.19611785938,0.19611785938
-1.57,0.19845301065500004,0.19845301065500004,0.19845301065500004,0.19845301065500004,0.19845301065500004
-1.57,0.20201326452625,0.20201326452625,0.20201326452625,0.20201326452625,0.20201326452625
-1.57,0.21102669732625,0.21102669732625,0.21102669732625,0.21102669732625,0.21102669732625
-1.57,0.21259637900875,0.21259637900875,0.21259637900875,0.21259637900875,0.21259637900875
-1.57,0.21416228209375,0.21416228209375,0.21416228209375,0.21416228209375,0.21416228209375
-1.57,0.21730852794625002,0.21730852794625002,0.21730852794625002,0.21730852794625002,0.21730852794625002
-1.57,0.21848021737625004,0.21848021737625004,0.21848021737625004,0.21848021737625004,0.21848021737625004
-1.57,0.218876258315,0.218876258315,0.218876258315,0.218876258315,0.218876258315
-1.57,0.21926991305000001,0.21926991305000001,0.21926991305000001,0.21926991305000001,0.21926991305000001
-1.57,0.22201622102750002,0.22201622102750002,0.22201622102750002,0.22201622102750002,0.22201622102750002
-1.57,0.22380494930625003,0.22380494930625003,0.22380494930625003,0.22380494930625003,0.22380494930625003
-1.57,0.23182606792375,0.23182606792375,0.23182606792375,0.23182606792375,0.23182606792375
-1.57,0.234966216485,0.234966216485,0.234966216485,0.234966216485,0.234966216485
-1.57,0.24045718433250002,0.24045718433250002,0.24045718433250002,0.24045718433250002,0.24045718433250002
-1.57,0.24281556572000002,0.24281556572000002,0.24281556572000002,0.24281556572000002,0.24281556572000002
-1.57,0.24439080736125002,0.24439080736125002,0.24439080736125002,0.24439080736125002,0.24439080736125002
-1.57,0.25105635285,0.25105635285,0.25105635285,0.25105635285,0.25105635285
-1.57,0.25341174064,0.25341174064,0.25341174064,0.25341174064,0.25341174064
-1.57,0.25656151330125004,0.25656151330125004,0.25656151330125004,0.25656151330125004,0.25656151330125004
-1.57,0.26047658069625,0.26047658069625,0.26047658069625,0.26047658069625,0.26047658069625
-1.57,0.2624404648475,0.2624404648475,0.2624404648475,0.2624404648475,0.2624404648475
-1.57,0.26519372301875,0.26519372301875,0.26519372301875,0.26519372301875,0.26519372301875
-1.57,0.2683246152525,0.2683246152525,0.2683246152525,0.2683246152525,0.2683246152525
-1.57,0.27342810140875,0.27342810140875,0.27342810140875,0.27342810140875,0.27342810140875
-1.57,0.275782919485,0.275782919485,0.275782919485,0.275782919485,0.275782919485
-1.57,0.2773902505525,0.2773902505525,0.2773902505525,0.2773902505525,0.2773902505525
-1.57,0.28442757125625,0.28442757125625,0.28442757125625,0.28442757125625,0.28442757125625
-1.57,0.28638717892375004,0.28638717892375004,0.28638717892375004,0.28638717892375004,0.28638717892375004
-1.57,0.2879588005375,0.2879588005375,0.2879588005375,0.2879588005375,0.2879588005375
-1.57,0.28952761381375003,0.28952761381375003,0.28952761381375003,0.28952761381375003,0.28952761381375003
-1.57,0.29033470312500004,0.29033470312500004,0.29033470312500004,0.29033470312500004,0.29033470312500004
-1.57,0.29119814012875,0.29119814012875,0.29119814012875,0.29119814012875,0.29119814012875
-1.57,0.29484968734125,0.29484968734125,0.29484968734125,0.29484968734125,0.29484968734125
-1.57,0.3028665447825,0.3028665447825,0.3028665447825,0.3028665447825,0.3028665447825
-1.57,0.30640006332,0.30640006332,0.30640006332,0.30640006332,0.30640006332
-1.57,0.3154349953075,0.3154349953075,0.3154349953075,0.3154349953075,0.3154349953075
-1.57,0.3169927964075,0.3169927964075,0.3169927964075,0.3169927964075,0.3169927964075
-1.57,0.32249805518,0.32249805518,0.32249805518,0.32249805518,0.32249805518
-1.57,0.32445609304375,0.32445609304375,0.32445609304375,0.32445609304375,0.32445609304375
-1.57,0.3260246743525,0.3260246743525,0.3260246743525,0.3260246743525,0.3260246743525
-1.57,0.328004348975,0.328004348975,0.328004348975,0.328004348975,0.328004348975
-1.57,0.33230363560125004,0.33230363560125004,0.33230363560125004,0.33230363560125004,0.33230363560125004
